  0
SECTION
  2
HEADER
  9
$ACADVER
  1
AC1018
  9
$ACADMAINTVER
 70
     0
  9
$DWGCODEPAGE
  3
ANSI_1252
  9
$INSBASE
 10
0.0
 20
0.0
 30
0.0
  9
$EXTMIN
 10
-0.5
 20
-0.5
 30
-0.5
  9
$EXTMAX
 10
5.0
 20
5.0
 30
5.0
  9
$LIMMIN
 10
-0.5
 20
-0.5
  9
$LIMMAX
 10
5.0
 20
5.0
  9
$ORTHOMODE
 70
     0
  9
$REGENMODE
 70
     1
  9
$FILLMODE
 70
     1
  9
$QTEXTMODE
 70
     0
  9
$MIRRTEXT
 70
     1
  9
$LTSCALE
 40
1.0
  9
$ATTMODE
 70
     1
  9
$TEXTSIZE
 40
0.2
  9
$TRACEWID
 40
0.05
  9
$TEXTSTYLE
  7
Standard
  9
$CLAYER
  8
0
  9
$CELTYPE
  6
ByLayer
  9
$CECOLOR
 62
   256
  9
$CELTSCALE
 40
1.0
  9
$DISPSILH
 70
     0
  9
$DIMSCALE
 40
1.0
  9
$DIMASZ
 40
0.18
  9
$DIMEXO
 40
0.0625
  9
$DIMDLI
 40
0.38
  9
$DIMRND
 40
0.0
  9
$DIMDLE
 40
0.0
  9
$DIMEXE
 40
0.18
  9
$DIMTP
 40
0.0
  9
$DIMTM
 40
0.0
  9
$DIMTXT
 40
0.18
  9
$DIMCEN
 40
0.09
  9
$DIMTSZ
 40
0.0
  9
$DIMTOL
 70
     0
  9
$DIMLIM
 70
     0
  9
$DIMTIH
 70
     1
  9
$DIMTOH
 70
     1
  9
$DIMSE1
 70
     0
  9
$DIMSE2
 70
     0
  9
$DIMTAD
 70
     0
  9
$DIMZIN
 70
     0
  9
$DIMBLK
  1

  9
$DIMASO
 70
     1
  9
$DIMSHO
 70
     1
  9
$DIMPOST
  1

  9
$DIMAPOST
  1

  9
$DIMALT
 70
     0
  9
$DIMALTD
 70
     2
  9
$DIMALTF
 40
25.4
  9
$DIMLFAC
 40
1.0
  9
$DIMTOFL
 70
     0
  9
$DIMTVP
 40
0.0
  9
$DIMTIX
 70
     0
  9
$DIMSOXD
 70
     0
  9
$DIMSAH
 70
     0
  9
$DIMBLK1
  1

  9
$DIMBLK2
  1

  9
$DIMSTYLE
  2
Standard
  9
$DIMCLRD
 70
     0
  9
$DIMCLRE
 70
     0
  9
$DIMCLRT
 70
     0
  9
$DIMTFAC
 40
1.0
  9
$DIMGAP
 40
0.09
  9
$DIMJUST
 70
     0
  9
$DIMSD1
 70
     0
  9
$DIMSD2
 70
     0
  9
$DIMTOLJ
 70
     1
  9
$DIMTZIN
 70
     0
  9
$DIMALTZ
 70
     0
  9
$DIMALTTZ
 70
     0
  9
$DIMUPT
 70
     0
  9
$DIMDEC
 70
     4
  9
$DIMTDEC
 70
     4
  9
$DIMALTU
 70
     2
  9
$DIMALTTD
 70
     2
  9
$DIMTXSTY
  7
Standard
  9
$DIMAUNIT
 70
     0
  9
$DIMADEC
 70
     0
  9
$DIMALTRND
 40
0.0
  9
$DIMAZIN
 70
     0
  9
$DIMDSEP
 70
    46
  9
$DIMATFIT
 70
     3
  9
$DIMFRAC
 70
     0
  9
$DIMLDRBLK
  1

  9
$DIMLUNIT
 70
     2
  9
$DIMLWD
 70
    -2
  9
$DIMLWE
 70
    -2
  9
$DIMTMOVE
 70
     0
  9
$LUNITS
 70
     2
  9
$LUPREC
 70
     4
  9
$SKETCHINC
 40
0.1
  9
$FILLETRAD
 40
0.5
  9
$AUNITS
 70
     0
  9
$AUPREC
 70
     0
  9
$MENU
  1
.
  9
$ELEVATION
 40
0.0
  9
$PELEVATION
 40
0.0
  9
$THICKNESS
 40
0.0
  9
$LIMCHECK
 70
     0
  9
$CHAMFERA
 40
0.0
  9
$CHAMFERB
 40
0.0
  9
$CHAMFERC
 40
0.0
  9
$CHAMFERD
 40
0.0
  9
$SKPOLY
 70
     0
  9
$TDCREATE
 40
2458306.419794063
  9
$TDUCREATE
 40
2458306.336460729
  9
$TDUPDATE
 40
2458306.4197964
  9
$TDUUPDATE
 40
2458306.336463067
  9
$TDINDWG
 40
0.0000000116
  9
$TDUSRTIMER
 40
0.0000000116
  9
$USRTIMER
 70
     1
  9
$ANGBASE
 50
0.0
  9
$ANGDIR
 70
     0
  9
$PDMODE
 70
     0
  9
$PDSIZE
 40
0.0
  9
$PLINEWID
 40
0.0
  9
$SPLFRAME
 70
     0
  9
$SPLINETYPE
 70
     6
  9
$SPLINESEGS
 70
     8
  9
$HANDSEED
  5
158
  9
$SURFTAB1
 70
     6
  9
$SURFTAB2
 70
     6
  9
$SURFTYPE
 70
     6
  9
$SURFU
 70
     6
  9
$SURFV
 70
     6
  9
$UCSBASE
  2

  9
$UCSNAME
  2

  9
$UCSORG
 10
0.0
 20
0.0
 30
0.0
  9
$UCSXDIR
 10
1.0
 20
0.0
 30
0.0
  9
$UCSYDIR
 10
0.0
 20
1.0
 30
0.0
  9
$UCSORTHOREF
  2

  9
$UCSORTHOVIEW
 70
     0
  9
$UCSORGTOP
 10
0.0
 20
0.0
 30
0.0
  9
$UCSORGBOTTOM
 10
0.0
 20
0.0
 30
0.0
  9
$UCSORGLEFT
 10
0.0
 20
0.0
 30
0.0
  9
$UCSORGRIGHT
 10
0.0
 20
0.0
 30
0.0
  9
$UCSORGFRONT
 10
0.0
 20
0.0
 30
0.0
  9
$UCSORGBACK
 10
0.0
 20
0.0
 30
0.0
  9
$PUCSBASE
  2

  9
$PUCSNAME
  2

  9
$PUCSORG
 10
0.0
 20
0.0
 30
0.0
  9
$PUCSXDIR
 10
1.0
 20
0.0
 30
0.0
  9
$PUCSYDIR
 10
0.0
 20
1.0
 30
0.0
  9
$PUCSORTHOREF
  2

  9
$PUCSORTHOVIEW
 70
     0
  9
$PUCSORGTOP
 10
0.0
 20
0.0
 30
0.0
  9
$PUCSORGBOTTOM
 10
0.0
 20
0.0
 30
0.0
  9
$PUCSORGLEFT
 10
0.0
 20
0.0
 30
0.0
  9
$PUCSORGRIGHT
 10
0.0
 20
0.0
 30
0.0
  9
$PUCSORGFRONT
 10
0.0
 20
0.0
 30
0.0
  9
$PUCSORGBACK
 10
0.0
 20
0.0
 30
0.0
  9
$USERI1
 70
     0
  9
$USERI2
 70
     0
  9
$USERI3
 70
     0
  9
$USERI4
 70
     0
  9
$USERI5
 70
     0
  9
$USERR1
 40
0.0
  9
$USERR2
 40
0.0
  9
$USERR3
 40
0.0
  9
$USERR4
 40
0.0
  9
$USERR5
 40
0.0
  9
$WORLDVIEW
 70
     1
  9
$SHADEDGE
 70
     3
  9
$SHADEDIF
 70
    70
  9
$TILEMODE
 70
     1
  9
$MAXACTVP
 70
    64
  9
$PINSBASE
 10
0.0
 20
0.0
 30
0.0
  9
$PLIMCHECK
 70
     0
  9
$PEXTMIN
 10
-0.5
 20
-0.5
 30
-0.5
  9
$PEXTMAX
 10
5.0
 20
5.0
 30
5.0
  9
$PLIMMIN
 10
-0.5
 20
-0.5
  9
$PLIMMAX
 10
5.0
 20
5.0
  9
$UNITMODE
 70
     0
  9
$VISRETAIN
 70
     1
  9
$PLINEGEN
 70
     0
  9
$PSLTSCALE
 70
     1
  9
$TREEDEPTH
 70
  3020
  9
$CMLSTYLE
  2
Standard
  9
$CMLJUST
 70
     0
  9
$CMLSCALE
 40
1.0
  9
$PROXYGRAPHICS
 70
     1
  9
$MEASUREMENT
 70
     1
  9
$CELWEIGHT
370
    18
  9
$ENDCAPS
280
     0
  9
$JOINSTYLE
280
     0
  9
$LWDISPLAY
290
     1
  9
$INSUNITS
 70
     4
  9
$HYPERLINKBASE
  1

  9
$STYLESHEET
  1

  9
$XEDIT
290
     1
  9
$CEPSNTYPE
380
     0
  9
$PSTYLEMODE
290
     1
  9
$FINGERPRINTGUID
  2
{82288A13-D6C5-47ED-8C1D-CB4384FFBCBE}
  9
$VERSIONGUID
  2
{FAEB1C32-E019-11D5-929B-00C0DF256EC4}
  9
$EXTNAMES
290
     1
  9
$PSVPSCALE
 40
0.0
  9
$OLESTARTUP
290
     0
  9
$SORTENTS
280
   127
  9
$INDEXCTL
280
     0
  9
$HIDETEXT
280
     1
  9
$XCLIPFRAME
290
     0
  9
$HALOGAP
280
     0
  9
$OBSCOLOR
 70
   257
  9
$OBSLTYPE
280
     0
  9
$INTERSECTIONDISPLAY
280
     0
  9
$INTERSECTIONCOLOR
 70
   257
  9
$DIMASSOC
280
     2
  9
$PROJECTNAME
  1

  0
ENDSEC
  0
SECTION
  2
CLASSES
  0
CLASS
  1
ACDBDICTIONARYWDFLT
  2
AcDbDictionaryWithDefault
  3
ObjectDBX Classes
 90
        0
 91
        4
280
     0
281
     0
  0
CLASS
  1
VISUALSTYLE
  2
AcDbVisualStyle
  3
ObjectDBX Classes
 90
     4095
 91
        4
280
     0
281
     0
  0
CLASS
  1
MATERIAL
  2
AcDbMaterial
  3
ObjectDBX Classes
 90
     1153
 91
        4
280
     0
281
     0
  0
CLASS
  1
SCALE
  2
AcDbScale
  3
ObjectDBX Classes
 90
     1153
 91
        4
280
     0
281
     0
  0
CLASS
  1
TABLESTYLE
  2
AcDbTableStyle
  3
ObjectDBX Classes
 90
     4095
 91
        4
280
     0
281
     0
  0
CLASS
  1
MLEADERSTYLE
  2
AcDbMLeaderStyle
  3
ACDB_MLEADERSTYLE_CLASS
 90
     4095
 91
        4
280
     0
281
     0
  0
CLASS
  1
SUN
  2
AcDbSun
  3
SCENEOE
 90
     1153
 91
        4
280
     0
281
     0
  0
CLASS
  1
DICTIONARYVAR
  2
AcDbDictionaryVar
  3
ObjectDBX Classes
 90
        0
 91
        4
280
     0
281
     0
  0
CLASS
  1
CELLSTYLEMAP
  2
AcDbCellStyleMap
  3
ObjectDBX Classes
 90
     1152
 91
        4
280
     0
281
     0
  0
ENDSEC
  0
SECTION
  2
TABLES
  0
TABLE
  2
VPORT
  5
8
102
{ACAD_XDICTIONARY
360
111
102
}
330
0
100
AcDbSymbolTable
 70
    16
  0
VPORT
  5
29
330
8
100
AcDbSymbolTableRecord
100
AcDbViewportTableRecord
  2
*Active
 70
     0
 10
0.0
 20
0.0
 11
1.0
 21
1.0
 12
130.0
 22
68.498825
 13
0.0
 23
0.0
 14
0.5
 24
0.5
 15
0.5
 25
0.5
 16
0.0
 26
0.0
 36
1.0
 17
0.0
 27
0.0
 37
0.0
 40
254.0
 41
0.069908
 42
50.0
 43
600.685346
 44
-600.685346
 50
0.0
 51
0.0
 71
     0
 72
   100
 73
     1
 74
     3
 75
     0
 76
     0
 77
     0
 78
     0
281
     0
 65
     1
110
0.0
120
0.0
130
0.0
111
1.0
121
0.0
131
0.0
112
0.0
122
1.0
132
0.0
 79
     0
146
0.0
  0
VPORT
  5
102
330
8
100
AcDbSymbolTableRecord
100
AcDbViewportTableRecord
  2
L1
 70
     0
 10
0.0
 20
0.0
 11
1.0
 21
1.0
 12
130.0
 22
68.498825
 13
0.0
 23
0.0
 14
0.5
 24
0.5
 15
0.5
 25
0.5
 16
0.0
 26
0.0
 36
1.0
 17
0.0
 27
0.0
 37
0.0
 40
254.0
 41
0.069908
 42
50.0
 43
600.685346
 44
-600.685346
 50
0.0
 51
0.0
 71
     0
 72
   100
 73
     1
 74
     3
 75
     0
 76
     0
 77
     0
 78
     0
281
     0
 65
     1
110
0.0
120
0.0
130
0.0
111
1.0
121
0.0
131
0.0
112
0.0
122
1.0
132
0.0
 79
     0
146
0.0
  0
VPORT
  5
103
330
8
100
AcDbSymbolTableRecord
100
AcDbViewportTableRecord
  2
L2
 70
     0
 10
0.0
 20
0.0
 11
0.5
 21
1.0
 12
0.0
 22
0.0
 13
0.0
 23
0.0
 14
0.5
 24
0.5
 15
0.5
 25
0.5
 16
0.0
 26
-1.0
 36
0.0
 17
0.0
 27
0.0
 37
0.0
 40
1708.452883
 41
0.010393
 42
50.0
 43
882.339449
 44
-882.339449
 50
0.0
 51
0.0
 71
     0
 72
   100
 73
     1
 74
     3
 75
     0
 76
     0
 77
     0
 78
     0
281
     0
 65
     1
110
0.0
120
0.0
130
0.0
111
1.0
121
0.0
131
0.0
112
0.0
122
1.0
132
0.0
 79
     0
146
0.0
  0
VPORT
  5
104
330
8
100
AcDbSymbolTableRecord
100
AcDbViewportTableRecord
  2
L2
 70
     0
 10
0.5
 20
0.0
 11
1.0
 21
1.0
 12
0.0
 22
0.0
 13
0.0
 23
0.0
 14
0.5
 24
0.5
 15
0.5
 25
0.5
 16
1.0
 26
0.0
 36
0.0
 17
0.0
 27
0.0
 37
0.0
 40
1708.452883
 41
0.010393
 42
50.0
 43
863.615547
 44
-863.615547
 50
0.0
 51
0.0
 71
     0
 72
   100
 73
     1
 74
     3
 75
     0
 76
     0
 77
     0
 78
     0
281
     0
 65
     1
110
0.0
120
0.0
130
0.0
111
1.0
121
0.0
131
0.0
112
0.0
122
1.0
132
0.0
 79
     0
146
0.0
  0
VPORT
  5
105
330
8
100
AcDbSymbolTableRecord
100
AcDbViewportTableRecord
  2
L3
 70
     0
 10
0.0
 20
0.5
 11
1.0
 21
1.0
 12
130.0
 22
68.498825
 13
0.0
 23
0.0
 14
0.5
 24
0.5
 15
0.5
 25
0.5
 16
0.0
 26
0.0
 36
1.0
 17
0.0
 27
0.0
 37
0.0
 40
254.0
 41
0.069908
 42
50.0
 43
600.685346
 44
-600.685346
 50
0.0
 51
0.0
 71
     0
 72
   100
 73
     1
 74
     3
 75
     0
 76
     0
 77
     0
 78
     0
281
     0
 65
     1
110
0.0
120
0.0
130
0.0
111
1.0
121
0.0
131
0.0
112
0.0
122
1.0
132
0.0
 79
     0
146
0.0
  0
VPORT
  5
106
330
8
100
AcDbSymbolTableRecord
100
AcDbViewportTableRecord
  2
L3
 70
     0
 10
0.0
 20
0.0
 11
1.0
 21
0.5
 12
0.0
 22
0.0
 13
0.0
 23
0.0
 14
0.5
 24
0.5
 15
0.5
 25
0.5
 16
0.0
 26
-1.0
 36
0.0
 17
0.0
 27
0.0
 37
0.0
 40
1708.452883
 41
0.010393
 42
50.0
 43
882.339449
 44
-882.339449
 50
0.0
 51
0.0
 71
     0
 72
   100
 73
     1
 74
     3
 75
     0
 76
     0
 77
     0
 78
     0
281
     0
 65
     1
110
0.0
120
0.0
130
0.0
111
1.0
121
0.0
131
0.0
112
0.0
122
1.0
132
0.0
 79
     0
146
0.0
  0
VPORT
  5
107
330
8
100
AcDbSymbolTableRecord
100
AcDbViewportTableRecord
  2
L4
 70
     0
 10
0.0
 20
0.5
 11
0.5
 21
1.0
 12
130.0
 22
68.498825
 13
0.0
 23
0.0
 14
0.5
 24
0.5
 15
0.5
 25
0.5
 16
0.0
 26
0.0
 36
1.0
 17
0.0
 27
0.0
 37
0.0
 40
254.0
 41
0.069908
 42
50.0
 43
600.685346
 44
-600.685346
 50
0.0
 51
0.0
 71
     0
 72
   100
 73
     1
 74
     3
 75
     0
 76
     0
 77
     0
 78
     0
281
     0
 65
     1
110
0.0
120
0.0
130
0.0
111
1.0
121
0.0
131
0.0
112
0.0
122
1.0
132
0.0
 79
     0
146
0.0
  0
VPORT
  5
108
330
8
100
AcDbSymbolTableRecord
100
AcDbViewportTableRecord
  2
L4
 70
     0
 10
0.0
 20
0.0
 11
0.5
 21
0.5
 12
0.0
 22
0.0
 13
0.0
 23
0.0
 14
0.5
 24
0.5
 15
0.5
 25
0.5
 16
0.0
 26
-1.0
 36
0.0
 17
0.0
 27
0.0
 37
0.0
 40
1708.452883
 41
0.010393
 42
50.0
 43
882.339449
 44
-882.339449
 50
0.0
 51
0.0
 71
     0
 72
   100
 73
     1
 74
     3
 75
     0
 76
     0
 77
     0
 78
     0
281
     0
 65
     1
110
0.0
120
0.0
130
0.0
111
1.0
121
0.0
131
0.0
112
0.0
122
1.0
132
0.0
 79
     0
146
0.0
  0
VPORT
  5
109
330
8
100
AcDbSymbolTableRecord
100
AcDbViewportTableRecord
  2
L4
 70
     0
 10
0.5
 20
0.0
 11
1.0
 21
0.5
 12
0.0
 22
0.0
 13
0.0
 23
0.0
 14
0.5
 24
0.5
 15
0.5
 25
0.5
 16
1.0
 26
0.0
 36
0.0
 17
0.0
 27
0.0
 37
0.0
 40
1708.452883
 41
0.010393
 42
50.0
 43
863.615547
 44
-863.615547
 50
0.0
 51
0.0
 71
     0
 72
   100
 73
     1
 74
     3
 75
     0
 76
     0
 77
     0
 78
     0
281
     0
 65
     1
110
0.0
120
0.0
130
0.0
111
1.0
121
0.0
131
0.0
112
0.0
122
1.0
132
0.0
 79
     0
146
0.0
  0
VPORT
  5
10A
330
8
100
AcDbSymbolTableRecord
100
AcDbViewportTableRecord
  2
L4
 70
     0
 10
0.5
 20
0.5
 11
1.0
 21
1.0
 12
0.0
 22
0.0
 13
0.0
 23
0.0
 14
0.5
 24
0.5
 15
0.5
 25
0.5
 16
0.5773502691896258
 26
-0.5773502691896258
 36
0.5773502691896258
 17
0.0
 27
0.0
 37
0.0
 40
1679.048118
 41
0.010575
 42
50.0
 43
874.834946
 44
-874.834946
 50
0.0
 51
0.0
 71
     0
 72
   100
 73
     1
 74
     3
 75
     0
 76
     0
 77
     0
 78
     0
281
     0
 65
     1
110
0.0
120
0.0
130
0.0
111
1.0
121
0.0
131
0.0
112
0.0
122
1.0
132
0.0
 79
     0
146
0.0
  0
VPORT
  5
10B
330
8
100
AcDbSymbolTableRecord
100
AcDbViewportTableRecord
  2
L6
 70
     0
 10
0.0
 20
0.5
 11
0.333333
 21
1.0
 12
0.0
 22
0.0
 13
0.0
 23
0.0
 14
0.5
 24
0.5
 15
0.5
 25
0.5
 16
0.7188730927569433
 26
-0.5850486126764433
 36
0.3754192287502549
 17
0.0
 27
0.0
 37
0.0
 40
1772.351752
 41
0.010019
 42
50.0
 43
917.571816
 44
-917.571816
 50
0.0
 51
0.0
 71
     0
 72
   100
 73
     1
 74
     3
 75
     0
 76
     0
 77
     0
 78
     0
281
     0
 65
     1
110
0.0
120
0.0
130
0.0
111
1.0
121
0.0
131
0.0
112
0.0
122
1.0
132
0.0
 79
     0
146
0.0
  0
VPORT
  5
10C
330
8
100
AcDbSymbolTableRecord
100
AcDbViewportTableRecord
  2
L6
 70
     0
 10
0.0
 20
0.0
 11
0.333333
 21
0.5
 12
0.0
 22
0.0
 13
0.0
 23
0.0
 14
0.5
 24
0.5
 15
0.5
 25
0.5
 16
-1.0
 26
0.0
 36
0.0
 17
0.0
 27
0.0
 37
0.0
 40
1708.452883
 41
0.010393
 42
50.0
 43
863.615547
 44
-863.615547
 50
0.0
 51
0.0
 71
     0
 72
   100
 73
     1
 74
     3
 75
     0
 76
     0
 77
     0
 78
     0
281
     0
 65
     1
110
0.0
120
0.0
130
0.0
111
1.0
121
0.0
131
0.0
112
0.0
122
1.0
132
0.0
 79
     0
146
0.0
  0
VPORT
  5
10D
330
8
100
AcDbSymbolTableRecord
100
AcDbViewportTableRecord
  2
L6
 70
     0
 10
0.333333
 20
0.5
 11
0.666667
 21
1.0
 12
130.0
 22
68.498825
 13
0.0
 23
0.0
 14
0.5
 24
0.5
 15
0.5
 25
0.5
 16
0.0
 26
0.0
 36
1.0
 17
0.0
 27
0.0
 37
0.0
 40
254.0
 41
0.069908
 42
50.0
 43
600.685346
 44
-600.685346
 50
0.0
 51
0.0
 71
     0
 72
   100
 73
     1
 74
     3
 75
     0
 76
     0
 77
     0
 78
     0
281
     0
 65
     1
110
0.0
120
0.0
130
0.0
111
1.0
121
0.0
131
0.0
112
0.0
122
1.0
132
0.0
 79
     0
146
0.0
  0
VPORT
  5
10E
330
8
100
AcDbSymbolTableRecord
100
AcDbViewportTableRecord
  2
L6
 70
     0
 10
0.333333
 20
0.0
 11
0.666667
 21
0.5
 12
0.0
 22
0.0
 13
0.0
 23
0.0
 14
0.5
 24
0.5
 15
0.5
 25
0.5
 16
0.0
 26
-1.0
 36
0.0
 17
0.0
 27
0.0
 37
0.0
 40
1708.452883
 41
0.010393
 42
50.0
 43
882.339449
 44
-882.339449
 50
0.0
 51
0.0
 71
     0
 72
   100
 73
     1
 74
     3
 75
     0
 76
     0
 77
     0
 78
     0
281
     0
 65
     1
110
0.0
120
0.0
130
0.0
111
1.0
121
0.0
131
0.0
112
0.0
122
1.0
132
0.0
 79
     0
146
0.0
  0
VPORT
  5
10F
330
8
100
AcDbSymbolTableRecord
100
AcDbViewportTableRecord
  2
L6
 70
     0
 10
0.666667
 20
0.5
 11
1.0
 21
1.0
 12
0.0
 22
0.0
 13
0.0
 23
0.0
 14
0.5
 24
0.5
 15
0.5
 25
0.5
 16
0.5773502691896258
 26
-0.5773502691896258
 36
0.5773502691896258
 17
0.0
 27
0.0
 37
0.0
 40
1679.048118
 41
0.010575
 42
50.0
 43
874.834946
 44
-874.834946
 50
0.0
 51
0.0
 71
     0
 72
   100
 73
     1
 74
     3
 75
     0
 76
     0
 77
     0
 78
     0
281
     0
 65
     1
110
0.0
120
0.0
130
0.0
111
1.0
121
0.0
131
0.0
112
0.0
122
1.0
132
0.0
 79
     0
146
0.0
  0
VPORT
  5
110
330
8
100
AcDbSymbolTableRecord
100
AcDbViewportTableRecord
  2
L6
 70
     0
 10
0.666667
 20
0.0
 11
1.0
 21
0.5
 12
0.0
 22
0.0
 13
0.0
 23
0.0
 14
0.5
 24
0.5
 15
0.5
 25
0.5
 16
1.0
 26
0.0
 36
0.0
 17
0.0
 27
0.0
 37
0.0
 40
1708.452883
 41
0.010393
 42
50.0
 43
863.615547
 44
-863.615547
 50
0.0
 51
0.0
 71
     0
 72
   100
 73
     1
 74
     3
 75
     0
 76
     0
 77
     0
 78
     0
281
     0
 65
     1
110
0.0
120
0.0
130
0.0
111
1.0
121
0.0
131
0.0
112
0.0
122
1.0
132
0.0
 79
     0
146
0.0
  0
ENDTAB
  0
TABLE
  2
LTYPE
  5
5
330
0
100
AcDbSymbolTable
 70
     6
  0
LTYPE
  5
14
330
5
100
AcDbSymbolTableRecord
100
AcDbLinetypeTableRecord
  2
ByBlock
 70
     0
  3

 72
    65
 73
     0
 40
0.0
  0
LTYPE
  5
15
330
5
100
AcDbSymbolTableRecord
100
AcDbLinetypeTableRecord
  2
ByLayer
 70
     0
  3

 72
    65
 73
     0
 40
0.0
  0
LTYPE
  5
16
330
5
100
AcDbSymbolTableRecord
100
AcDbLinetypeTableRecord
  2
Continuous
 70
     0
  3
Solid line
 72
    65
 73
     0
 40
0.0
  0
LTYPE
  5
6E
330
5
100
AcDbSymbolTableRecord
100
AcDbLinetypeTableRecord
  2
CENTER
 70
     0
  3
____ _ ____ _ ____ _ ____
 72
    65
 73
     4
 40
47.4
 49
22.0
 74
     4
 75
     0
340
0
 46
0.0
 50
0.0
 44
0.0
 45
0.0
 49
-8.5
 74
     4
 75
     0
340
0
 46
0.0
 50
0.0
 44
0.0
 45
0.0
 49
8.5
 74
     4
 75
     0
340
0
 46
0.0
 50
0.0
 44
0.0
 45
0.0
 49
-8.5
 74
     4
 75
     0
340
0
 46
0.0
 50
0.0
 44
0.0
 45
0.0
  0
LTYPE
  5
6F
330
5
100
AcDbSymbolTableRecord
100
AcDbLinetypeTableRecord
  2
DASHDOT
 70
     0
  3
_._._._._._._._._._._._._._._._.
 72
    65
 73
     4
 40
70.0
 49
31.0
 74
     4
 75
     0
340
0
 46
0.0
 50
0.0
 44
0.0
 45
0.0
 49
-13.0
 74
     4
 75
     0
340
0
 46
0.0
 50
0.0
 44
0.0
 45
0.0
 49
13.0
 74
     4
 75
     0
340
0
 46
0.0
 50
0.0
 44
0.0
 45
0.0
 49
-13.0
 74
     4
 75
     0
340
0
 46
0.0
 50
0.0
 44
0.0
 45
0.0
  0
LTYPE
  5
70
330
5
100
AcDbSymbolTableRecord
100
AcDbLinetypeTableRecord
  2
DASHED
 70
     0
  3
__ __ __ __ __ __ __ __ __
 72
    65
 73
     2
 40
25.72
 49
12.86
 74
     4
 75
     0
340
0
 46
0.0
 50
0.0
 44
0.0
 45
0.0
 49
-12.86
 74
     4
 75
     0
340
0
 46
0.0
 50
0.0
 44
0.0
 45
0.0
  0
LTYPE
  5
71
330
5
100
AcDbSymbolTableRecord
100
AcDbLinetypeTableRecord
  2
DOT
 70
     0
  3
.........................
 72
    65
 73
     2
 40
10.0
 49
0.0
 74
     4
 75
     0
340
0
 46
0.0
 50
0.0
 44
0.0
 45
0.0
 49
-10.0
 74
     4
 75
     0
340
0
 46
0.0
 50
0.0
 44
0.0
 45
0.0
  0
LTYPE
  5
72
330
5
100
AcDbSymbolTableRecord
100
AcDbLinetypeTableRecord
  2
PHANTOM
 70
     0
  3
____ _ _ ____ _ _ _____ _ _ ____
 72
    65
 73
     6
 40
50.5
 49
18.0
 74
     4
 75
     0
340
0
 46
0.0
 50
0.0
 44
0.0
 45
0.0
 49
-6.5
 74
     4
 75
     0
340
0
 46
0.0
 50
0.0
 44
0.0
 45
0.0
 49
6.5
 74
     4
 75
     0
340
0
 46
0.0
 50
0.0
 44
0.0
 45
0.0
 49
-6.5
 74
     4
 75
     0
340
0
 46
0.0
 50
0.0
 44
0.0
 45
0.0
 49
6.5
 74
     4
 75
     0
340
0
 46
0.0
 50
0.0
 44
0.0
 45
0.0
 49
-6.5
 74
     4
 75
     0
340
0
 46
0.0
 50
0.0
 44
0.0
 45
0.0
  0
ENDTAB
  0
TABLE
  2
LAYER
  5
2
330
0
100
AcDbSymbolTable
 70
     2
  0
LAYER
  5
10
330
2
100
AcDbSymbolTableRecord
100
AcDbLayerTableRecord
  2
0
 70
     0
 62
     7
  6
Continuous
370
    -3
390
F
  0
LAYER
  5
74
330
2
100
AcDbSymbolTableRecord
100
AcDbLayerTableRecord
  2
5
 70
     0
 62
     7
420
 16777215
  6
Continuous
370
    -3
390
F
  0
ENDTAB
  0
TABLE
  2
STYLE
  5
3
330
0
100
AcDbSymbolTable
 70
     1
  0
STYLE
  5
11
330
3
100
AcDbSymbolTableRecord
100
AcDbTextStyleTableRecord
  2
Standard
 70
     0
 40
0.0
 41
1.0
 50
0.0
 71
     0
 42
0.2
  3
txt
  4

  0
ENDTAB
  0
TABLE
  2
VIEW
  5
6
330
0
100
AcDbSymbolTable
 70
     8
  0
VIEW
  5
FA
330
6
100
AcDbSymbolTableRecord
100
AcDbViewTableRecord
  2
Top
 70
     0
 40
254.0
 10
130.0
 20
68.498825
 41
441.905376
 11
0.0
 21
0.0
 31
1.0
 12
0.0
 22
0.0
 32
0.0
 42
50.0
 43
600.685346
 44
-600.685346
 50
0.0
 71
     0
281
     0
 72
     0
  0
VIEW
  5
FB
330
6
100
AcDbSymbolTableRecord
100
AcDbViewTableRecord
  2
Front
 70
     0
 40
1708.452883
 10
0.0
 20
0.0
 41
441.905376
 11
0.0
 21
-1.0
 31
0.0
 12
0.0
 22
0.0
 32
0.0
 42
50.0
 43
882.339449
 44
-882.339449
 50
0.0
 71
     0
281
     0
 72
     0
  0
VIEW
  5
FC
330
6
100
AcDbSymbolTableRecord
100
AcDbViewTableRecord
  2
Right
 70
     0
 40
1708.452883
 10
0.0
 20
0.0
 41
254.0
 11
1.0
 21
0.0
 31
0.0
 12
0.0
 22
0.0
 32
0.0
 42
50.0
 43
863.615547
 44
-863.615547
 50
0.0
 71
     0
281
     0
 72
     0
  0
VIEW
  5
FD
330
6
100
AcDbSymbolTableRecord
100
AcDbViewTableRecord
  2
Back
 70
     0
 40
1708.452883
 10
0.0
 20
0.0
 41
441.905376
 11
0.0
 21
1.0
 31
0.0
 12
0.0
 22
0.0
 32
0.0
 42
50.0
 43
882.339449
 44
-882.339449
 50
0.0
 71
     0
281
     0
 72
     0
  0
VIEW
  5
FE
330
6
100
AcDbSymbolTableRecord
100
AcDbViewTableRecord
  2
Bottom
 70
     0
 40
254.0
 10
0.0
 20
0.0
 41
441.905376
 11
0.0
 21
0.0
 31
-1.0
 12
0.0
 22
0.0
 32
0.0
 42
50.0
 43
854.226442
 44
-854.226442
 50
180.0
 71
     0
281
     0
 72
     0
  0
VIEW
  5
FF
330
6
100
AcDbSymbolTableRecord
100
AcDbViewTableRecord
  2
Left
 70
     0
 40
1708.452883
 10
0.0
 20
0.0
 41
254.0
 11
-1.0
 21
0.0
 31
0.0
 12
0.0
 22
0.0
 32
0.0
 42
50.0
 43
863.615547
 44
-863.615547
 50
0.0
 71
     0
281
     0
 72
     0
  0
VIEW
  5
100
330
6
100
AcDbSymbolTableRecord
100
AcDbViewTableRecord
  2
Isometric
 70
     0
 40
1679.048118
 10
0.0
 20
0.0
 41
492.079411
 11
0.5773502691896258
 21
-0.5773502691896258
 31
0.5773502691896258
 12
0.0
 22
0.0
 32
0.0
 42
50.0
 43
874.834946
 44
-874.834946
 50
0.0
 71
     0
281
     0
 72
     0
  0
VIEW
  5
101
330
6
100
AcDbSymbolTableRecord
100
AcDbViewTableRecord
  2
Trimetric
 70
     0
 40
1772.351752
 10
0.0
 20
0.0
 41
475.942665
 11
0.7188730927569433
 21
-0.5850486126764433
 31
0.3754192287502549
 12
0.0
 22
0.0
 32
0.0
 42
50.0
 43
917.571816
 44
-917.571816
 50
0.0
 71
     0
281
     0
 72
     0
  0
ENDTAB
  0
TABLE
  2
UCS
  5
7
330
0
100
AcDbSymbolTable
 70
     0
  0
ENDTAB
  0
TABLE
  2
APPID
  5
9
330
0
100
AcDbSymbolTable
 70
     2
  0
APPID
  5
12
330
9
100
AcDbSymbolTableRecord
100
AcDbRegAppTableRecord
  2
ACAD
 70
     0
  0
APPID
  5
150
330
9
100
AcDbSymbolTableRecord
100
AcDbRegAppTableRecord
  2
ACAD_MLEADERVER
 70
     0
  0
ENDTAB
  0
TABLE
  2
DIMSTYLE
  5
A
330
0
100
AcDbSymbolTable
 70
     1
100
AcDbDimStyleTable
  0
DIMSTYLE
105
27
330
A
100
AcDbSymbolTableRecord
100
AcDbDimStyleTableRecord
  2
Standard
 70
     0
178
     0
340
11
  0
ENDTAB
  0
TABLE
  2
BLOCK_RECORD
  5
1
330
0
100
AcDbSymbolTable
 70
     1
  0
BLOCK_RECORD
  5
1F
330
1
100
AcDbSymbolTableRecord
100
AcDbBlockTableRecord
  2
*Model_Space
340
22
  0
BLOCK_RECORD
  5
1B
330
1
100
AcDbSymbolTableRecord
100
AcDbBlockTableRecord
  2
*Paper_Space
340
1E
  0
BLOCK_RECORD
  5
23
330
1
100
AcDbSymbolTableRecord
100
AcDbBlockTableRecord
  2
*Paper_Space0
340
26
  0
ENDTAB
  0
ENDSEC
  0
SECTION
  2
BLOCKS
  0
BLOCK
  5
20
330
1F
100
AcDbEntity
  8
0
100
AcDbBlockBegin
  2
*Model_Space
 70
     0
 10
0.0
 20
0.0
 30
0.0
  3
*Model_Space
  1

  0
ENDBLK
  5
21
330
1F
100
AcDbEntity
  8
0
100
AcDbBlockEnd
  0
BLOCK
  5
1C
330
1B
100
AcDbEntity
 67
     1
  8
0
100
AcDbBlockBegin
  2
*Paper_Space
 70
     0
 10
0.0
 20
0.0
 30
0.0
  3
*Paper_Space
  1

  0
ENDBLK
  5
1D
330
1B
100
AcDbEntity
 67
     1
  8
0
100
AcDbBlockEnd
  0
BLOCK
  5
24
330
23
100
AcDbEntity
  8
0
100
AcDbBlockBegin
  2
*Paper_Space0
 70
     0
 10
0.0
 20
0.0
 30
0.0
  3
*Paper_Space0
  1

  0
ENDBLK
  5
25
330
23
100
AcDbEntity
  8
0
100
AcDbBlockEnd
  0
ENDSEC
  0
SECTION
  2
ENTITIES
  0
LINE
  5
73
330
1F
100
AcDbEntity
  8
5
  6
Continuous
 62
   163
370
    18
100
AcDbLine
 10
261.0
 20
79.1
 30
0.0
 11
300.8
 21
79.1
 31
0.0
  0
LINE
  5
75
330
1F
100
AcDbEntity
  8
5
  6
Continuous
 62
   163
370
    18
100
AcDbLine
 10
20.0
 20
105.5
 30
0.0
 11
20.0
 21
121.0
 31
0.0
  0
LINE
  5
76
330
1F
100
AcDbEntity
  8
5
  6
Continuous
 62
   163
370
    18
100
AcDbLine
 10
84.0
 20
18.0
 30
0.0
 11
84.0
 21
121.0
 31
0.0
  0
LINE
  5
77
330
1F
100
AcDbEntity
  8
5
  6
Continuous
 62
   163
370
    18
100
AcDbLine
 10
3.0
 20
3.5
 30
0.0
 11
3.0
 21
30.5
 31
0.0
  0
LINE
  5
78
330
1F
100
AcDbEntity
  8
5
  6
Continuous
 62
   163
370
    18
100
AcDbLine
 10
29.128374
 20
38.826783
 30
0.0
 11
23.045951
 21
70.974108
 31
0.0
  0
LINE
  5
79
330
1F
100
AcDbEntity
  8
5
  6
Continuous
 62
   163
370
    18
100
AcDbLine
 10
24.76371
 20
34.0
 30
0.0
 11
4.0
 21
34.0
 31
0.0
  0
LINE
  5
7A
330
1F
100
AcDbEntity
  8
5
  6
Continuous
 62
   163
370
    18
100
AcDbLine
 10
240.0
 20
121.0
 30
0.0
 11
240.0
 21
105.5
 31
0.0
  0
LINE
  5
7B
330
1F
100
AcDbEntity
  8
5
  6
Continuous
 62
   163
370
    18
100
AcDbLine
 10
0.0
 20
51.1
 30
0.0
 11
0.0
 21
1.0
 31
0.0
  0
LINE
  5
7C
330
1F
100
AcDbEntity
  8
5
  6
Continuous
 62
   163
370
    18
100
AcDbLine
 10
30.0
 20
1.0
 30
0.0
 11
30.0
 21
29.531468
 31
0.0
  0
LINE
  5
7D
330
1F
100
AcDbEntity
  8
5
  6
Continuous
 62
   163
370
    18
100
AcDbLine
 10
82.0
 20
121.0
 30
0.0
 11
82.0
 21
18.0
 31
0.0
  0
LINE
  5
7E
330
1F
100
AcDbEntity
  8
5
  6
Continuous
 62
   163
370
    18
100
AcDbLine
 10
257.0
 20
78.1
 30
0.0
 11
257.0
 21
35.0
 31
0.0
  0
LINE
  5
7F
330
1F
100
AcDbEntity
  8
5
  6
Continuous
 62
   163
370
    18
100
AcDbLine
 10
303.8
 20
76.1
 30
0.0
 11
303.8
 21
69.6
 31
0.0
  0
LINE
  5
80
330
1F
100
AcDbEntity
  8
5
  6
Continuous
 62
   163
370
    18
100
AcDbLine
 10
233.0
 20
3.5
 30
0.0
 11
233.0
 21
30.5
 31
0.0
  0
LINE
  5
81
330
1F
100
AcDbEntity
  8
5
  6
Continuous
 62
   163
370
    18
100
AcDbLine
 10
17.0
 20
84.1
 30
0.0
 11
-47.3
 21
84.1
 31
0.0
  0
LINE
  5
82
330
1F
100
AcDbEntity
  8
5
  6
Continuous
 62
   163
370
    18
100
AcDbLine
 10
231.0
 20
0.0
 30
0.0
 11
259.0
 21
0.0
 31
0.0
  0
LINE
  5
83
330
1F
100
AcDbEntity
  8
5
  6
Continuous
 62
   163
370
    18
100
AcDbLine
 10
233.5
 20
31.0
 30
0.0
 11
256.5
 21
31.0
 31
0.0
  0
LINE
  5
84
330
1F
100
AcDbEntity
  8
5
  6
Continuous
 62
   163
370
    18
100
AcDbLine
 10
234.253723
 20
35.185906
 30
0.0
 11
242.408442
 21
78.285906
 31
0.0
  0
LINE
  5
85
330
1F
100
AcDbEntity
  8
5
  6
Continuous
 62
   163
370
    18
100
AcDbLine
 10
3.5
 20
31.0
 30
0.0
 11
26.5
 21
31.0
 31
0.0
  0
LINE
  5
86
330
1F
100
AcDbEntity
  8
5
  6
Continuous
 62
   163
370
    18
100
AcDbLine
 10
-47.3
 20
57.1
 30
0.0
 11
-46.007107
 21
57.1
 31
0.0
  0
LINE
  5
87
330
1F
100
AcDbEntity
  8
5
  6
Continuous
 62
   163
370
    18
100
AcDbLine
 10
4.0
 20
79.1
 30
0.0
 11
16.608991
 21
79.1
 31
0.0
  0
LINE
  5
88
330
1F
100
AcDbEntity
  8
5
  6
Continuous
 62
   163
370
    18
100
AcDbLine
 10
20.028915
 20
105.5
 30
0.0
 11
20.0
 21
105.5
 31
0.0
  0
LINE
  5
89
330
1F
100
AcDbEntity
  8
5
  6
Continuous
 62
   163
370
    18
100
AcDbLine
 10
0.0
 20
78.1
 30
0.0
 11
0.0
 21
58.1
 31
0.0
  0
LINE
  5
8A
330
1F
100
AcDbEntity
  8
5
  6
Continuous
 62
   163
370
    18
100
AcDbLine
 10
-41.8
 20
59.1
 30
0.0
 11
-41.8
 21
68.6
 31
0.0
  0
LINE
  5
8B
330
1F
100
AcDbEntity
  8
5
  6
Continuous
 62
   163
370
    18
100
AcDbLine
 10
27.0
 20
30.5
 30
0.0
 11
27.0
 21
3.5
 31
0.0
  0
LINE
  5
8C
330
1F
100
AcDbEntity
  8
5
  6
Continuous
 62
   163
370
    18
100
AcDbLine
 10
48.0
 20
121.0
 30
0.0
 11
48.0
 21
18.0
 31
0.0
  0
LINE
  5
8D
330
1F
100
AcDbEntity
  8
5
  6
Continuous
 62
   163
370
    18
100
AcDbLine
 10
301.8
 20
68.6
 30
0.0
 11
301.8
 21
59.1
 31
0.0
  0
LINE
  5
8E
330
1F
100
AcDbEntity
  8
5
  6
Continuous
 62
   163
370
    18
100
AcDbLine
 10
178.0
 20
18.0
 30
0.0
 11
178.0
 21
121.0
 31
0.0
  0
LINE
  5
8F
330
1F
100
AcDbEntity
  8
5
  6
Continuous
 62
   163
370
    18
100
AcDbLine
 10
307.8
 20
57.6
 30
0.0
 11
307.8
 21
83.6
 31
0.0
  0
LINE
  5
90
330
1F
100
AcDbEntity
  8
5
  6
Continuous
 62
   163
370
    18
100
AcDbLine
 10
303.3
 20
69.1
 30
0.0
 11
302.3
 21
69.1
 31
0.0
  0
LINE
  5
91
330
1F
100
AcDbEntity
  8
5
  6
Continuous
 62
   163
370
    18
100
AcDbLine
 10
148.0
 20
18.0
 30
0.0
 11
148.0
 21
121.0
 31
0.0
  0
LINE
  5
92
330
1F
100
AcDbEntity
  8
5
  6
Continuous
 62
   163
370
    18
100
AcDbLine
 10
256.5
 20
3.0
 30
0.0
 11
233.5
 21
3.0
 31
0.0
  0
LINE
  5
93
330
1F
100
AcDbEntity
  8
5
  6
Continuous
 62
   163
370
    18
100
AcDbLine
 10
242.0
 20
85.1
 30
0.0
 11
242.0
 21
121.0
 31
0.0
  0
LINE
  5
94
330
1F
100
AcDbEntity
  8
5
  6
Continuous
 62
   163
370
    18
100
AcDbLine
 10
-39.8
 20
57.1
 30
0.0
 11
-1.0
 21
57.1
 31
0.0
  0
LINE
  5
95
330
1F
100
AcDbEntity
  8
5
  6
Continuous
 62
   163
370
    18
100
AcDbLine
 10
230.0
 20
29.531468
 30
0.0
 11
230.0
 21
1.0
 31
0.0
  0
LINE
  5
96
330
1F
100
AcDbEntity
  8
5
  6
Continuous
 62
   163
370
    18
100
AcDbLine
 10
114.0
 20
18.0
 30
0.0
 11
114.0
 21
121.0
 31
0.0
  0
LINE
  5
97
330
1F
100
AcDbEntity
  8
5
  6
Continuous
 62
   163
370
    18
100
AcDbLine
 10
238.0
 20
92.702041
 30
0.0
 11
238.0
 21
82.128487
 31
0.0
  0
LINE
  5
98
330
1F
100
AcDbEntity
  8
5
  6
Continuous
 62
   163
370
    18
100
AcDbLine
 10
-43.8
 20
69.6
 30
0.0
 11
-43.8
 21
76.1
 31
0.0
  0
LINE
  5
99
330
1F
100
AcDbEntity
  8
5
  6
Continuous
 62
   163
370
    18
100
AcDbLine
 10
307.3
 20
84.1
 30
0.0
 11
243.0
 21
84.1
 31
0.0
  0
LINE
  5
9A
330
1F
100
AcDbEntity
  8
5
  6
Continuous
 62
   163
370
    18
100
AcDbLine
 10
146.0
 20
121.0
 30
0.0
 11
146.0
 21
18.0
 31
0.0
  0
LINE
  5
9B
330
1F
100
AcDbEntity
  8
5
  6
Continuous
 62
   163
370
    18
100
AcDbLine
 10
261.0
 20
57.1
 30
0.0
 11
299.8
 21
57.1
 31
0.0
  0
LINE
  5
9C
330
1F
100
AcDbEntity
  8
5
  6
Continuous
 62
   163
370
    18
100
AcDbLine
 10
260.0
 20
58.1
 30
0.0
 11
260.0
 21
78.1
 31
0.0
  0
LINE
  5
9D
330
1F
100
AcDbEntity
  8
5
  6
Continuous
 62
   163
370
    18
100
AcDbLine
 10
176.0
 20
121.0
 30
0.0
 11
176.0
 21
18.0
 31
0.0
  0
LINE
  5
9E
330
1F
100
AcDbEntity
  8
5
  6
Continuous
 62
   163
370
    18
100
AcDbLine
 10
236.954049
 20
70.974108
 30
0.0
 11
230.871626
 21
38.826783
 31
0.0
  0
LINE
  5
9F
330
1F
100
AcDbEntity
  8
5
  6
Continuous
 62
   163
370
    18
100
AcDbLine
 10
-40.8
 20
79.1
 30
0.0
 11
-1.0
 21
79.1
 31
0.0
  0
LINE
  5
A0
330
1F
100
AcDbEntity
  8
5
  6
Continuous
 62
   163
370
    18
100
AcDbLine
 10
-42.3
 20
69.1
 30
0.0
 11
-43.3
 21
69.1
 31
0.0
  0
LINE
  5
A1
330
1F
100
AcDbEntity
  8
5
  6
Continuous
 62
   163
370
    18
100
AcDbLine
 10
210.0
 20
121.0
 30
0.0
 11
210.0
 21
18.0
 31
0.0
  0
LINE
  5
A2
330
1F
100
AcDbEntity
  8
5
  6
Continuous
 62
   163
370
    18
100
AcDbLine
 10
22.0
 20
82.128487
 30
0.0
 11
22.0
 21
92.702041
 31
0.0
  0
LINE
  5
A3
330
1F
100
AcDbEntity
  8
5
  6
Continuous
 62
   163
370
    18
100
AcDbLine
 10
260.0
 20
1.0
 30
0.0
 11
260.0
 21
51.1
 31
0.0
  0
LINE
  5
A4
330
1F
100
AcDbEntity
  8
5
  6
Continuous
 62
   163
370
    18
100
AcDbLine
 10
256.0
 20
34.0
 30
0.0
 11
235.23629
 21
34.0
 31
0.0
  0
LINE
  5
A5
330
1F
100
AcDbEntity
  8
5
  6
Continuous
 62
   163
370
    18
100
AcDbLine
 10
212.0
 20
18.0
 30
0.0
 11
212.0
 21
121.0
 31
0.0
  0
LINE
  5
A6
330
1F
100
AcDbEntity
  8
5
  6
Continuous
 62
   163
370
    18
100
AcDbLine
 10
263.0
 20
54.1
 30
0.0
 11
302.592893
 21
54.1
 31
0.0
  0
LINE
  5
A7
330
1F
100
AcDbEntity
  8
5
  6
Continuous
 62
   163
370
    18
100
AcDbLine
 10
-47.8
 20
83.6
 30
0.0
 11
-47.8
 21
57.6
 31
0.0
  0
LINE
  5
A8
330
1F
100
AcDbEntity
  8
5
  6
Continuous
 62
   163
370
    18
100
AcDbLine
 10
50.0
 20
18.0
 30
0.0
 11
50.0
 21
121.0
 31
0.0
  0
LINE
  5
A9
330
1F
100
AcDbEntity
  8
5
  6
Continuous
 62
   163
370
    18
100
AcDbLine
 10
306.007107
 20
57.1
 30
0.0
 11
307.3
 21
57.1
 31
0.0
  0
LINE
  5
AA
330
1F
100
AcDbEntity
  8
5
  6
Continuous
 62
   163
370
    18
100
AcDbLine
 10
26.5
 20
3.0
 30
0.0
 11
3.5
 21
3.0
 31
0.0
  0
LINE
  5
AB
330
1F
100
AcDbEntity
  8
5
  6
Continuous
 62
   163
370
    18
100
AcDbLine
 10
3.0
 20
35.0
 30
0.0
 11
3.0
 21
78.1
 31
0.0
  0
LINE
  5
AC
330
1F
100
AcDbEntity
  8
5
  6
Continuous
 62
   163
370
    18
100
AcDbLine
 10
17.591558
 20
78.285906
 30
0.0
 11
25.746277
 21
35.185906
 31
0.0
  0
LINE
  5
AD
330
1F
100
AcDbEntity
  8
5
  6
Continuous
 62
   163
370
    18
100
AcDbLine
 10
302.946447
 20
54.246447
 30
0.0
 11
305.653553
 21
56.953553
 31
0.0
  0
LINE
  5
AE
330
1F
100
AcDbEntity
  8
5
  6
Continuous
 62
   163
370
    18
100
AcDbLine
 10
240.0
 20
105.5
 30
0.0
 11
239.971085
 21
105.5
 31
0.0
  0
LINE
  5
AF
330
1F
100
AcDbEntity
  8
5
  6
Continuous
 62
   163
370
    18
100
AcDbLine
 10
243.391009
 20
79.1
 30
0.0
 11
256.0
 21
79.1
 31
0.0
  0
LINE
  5
B0
330
1F
100
AcDbEntity
  8
5
  6
Continuous
 62
   163
370
    18
100
AcDbLine
 10
18.0
 20
121.0
 30
0.0
 11
18.0
 21
85.1
 31
0.0
  0
LINE
  5
B1
330
1F
100
AcDbEntity
  8
5
  6
Continuous
 62
   163
370
    18
100
AcDbLine
 10
1.0
 20
0.0
 30
0.0
 11
29.0
 21
0.0
 31
0.0
  0
LINE
  5
B2
330
1F
100
AcDbEntity
  8
5
  6
Continuous
 62
   163
370
    18
100
AcDbLine
 10
257.0
 20
30.5
 30
0.0
 11
257.0
 21
3.5
 31
0.0
  0
LINE
  5
B3
330
1F
100
AcDbEntity
  8
5
  6
Continuous
 62
   163
370
    18
100
AcDbLine
 10
112.0
 20
121.0
 30
0.0
 11
112.0
 21
18.0
 31
0.0
  0
LINE
  5
B4
330
1F
100
AcDbEntity
  8
5
  6
Continuous
 62
   163
370
    18
100
AcDbLine
 10
-45.653553
 20
56.953553
 30
0.0
 11
-42.946447
 21
54.246447
 31
0.0
  0
LINE
  5
B5
330
1F
100
AcDbEntity
  8
5
  6
Continuous
 62
   163
370
    18
100
AcDbLine
 10
-42.592893
 20
54.1
 30
0.0
 11
-3.0
 21
54.1
 31
0.0
  0
SPLINE
  5
B6
330
1F
100
AcDbEntity
  8
5
  6
Continuous
 62
   163
370
    18
100
AcDbSpline
210
0.0
220
0.0
230
1.0
 70
     8
 71
     5
 72
    12
 73
     6
 74
     0
 42
0.000000001
 43
0.0000000001
 40
0.0
 40
0.0
 40
0.0
 40
0.0
 40
0.0
 40
0.0
 40
1.0
 40
1.0
 40
1.0
 40
1.0
 40
1.0
 40
1.0
 10
242.408441778
 20
78.28590630600002
 30
0.0
 10
242.459893287
 20
78.55784210500002
 30
0.0
 10
242.606856521
 20
78.81344784700002
 30
0.0
 10
242.835777541
 20
79.00311742500003
 30
0.0
 10
243.114248822
 20
79.10000000000002
 30
0.0
 10
243.391009254
 20
79.10000000000002
 30
0.0
  0
SPLINE
  5
B7
330
1F
100
AcDbEntity
  8
5
  6
Continuous
 62
   163
370
    18
100
AcDbSpline
210
0.0
220
0.0
230
1.0
 70
     8
 71
     5
 72
    12
 73
     6
 74
     0
 42
0.000000001
 43
0.0000000001
 40
0.0
 40
0.0
 40
0.0
 40
0.0
 40
0.0
 40
0.0
 40
1.0
 40
1.0
 40
1.0
 40
1.0
 40
1.0
 40
1.0
 10
18.0
 20
85.10000000000002
 30
0.0
 10
18.0
 20
84.78584073500002
 30
0.0
 10
17.87425850299999
 20
84.46866186400001
 30
0.0
 10
17.631338136
 20
84.22574149700003
 30
0.0
 10
17.314159265
 20
84.10000000000002
 30
0.0
 10
17.0
 20
84.10000000000002
 30
0.0
  0
SPLINE
  5
B8
330
1F
100
AcDbEntity
  8
5
  6
Continuous
 62
   163
370
    18
100
AcDbSpline
210
0.0
220
0.0
230
1.0
 70
     8
 71
     5
 72
    12
 73
     6
 74
     0
 42
0.000000001
 43
0.0000000001
 40
0.0
 40
0.0
 40
0.0
 40
0.0
 40
0.0
 40
0.0
 40
1.0
 40
1.0
 40
1.0
 40
1.0
 40
1.0
 40
1.0
 10
-47.30000000000001
 20
84.10000000000002
 30
0.0
 10
-47.45707963300001
 20
84.10000000000002
 30
0.0
 10
-47.61566906799999
 20
84.03712925200003
 30
0.0
 10
-47.73712925199999
 20
83.91566906800003
 30
0.0
 10
-47.80000000000001
 20
83.75707963300002
 30
0.0
 10
-47.80000000000001
 20
83.60000000000002
 30
0.0
  0
SPLINE
  5
B9
330
1F
100
AcDbEntity
  8
5
  6
Continuous
 62
   163
370
    18
100
AcDbSpline
210
0.0
220
0.0
230
1.0
 70
     8
 71
     5
 72
    21
 73
    15
 74
     0
 42
0.000000001
 43
0.0000000001
 40
0.0
 40
0.0
 40
0.0
 40
0.0
 40
0.0
 40
0.0
 40
0.0628062051683764
 40
0.0628062051683764
 40
0.0628062051683764
 40
0.3751237409793621
 40
0.3751237409793621
 40
0.3751237409793621
 40
0.687601589694474
 40
0.687601589694474
 40
0.687601589694474
 40
1.0
 40
1.0
 40
1.0
 40
1.0
 40
1.0
 40
1.0
 10
130.0000000000001
 20
2.000000000000028
 30
0.0
 10
129.684308605444
 20
2.000000000000028
 30
0.0
 10
129.368607978949
 20
2.007763613000009
 30
0.0
 10
129.052838115232
 20
2.02331807500002
 30
0.0
 10
127.17177531143
 20
2.162528554000033
 30
0.0
 10
125.31800525288
 20
2.57804426200002
 30
0.0
 10
123.82506858879
 20
3.113070311000001
 30
0.0
 10
121.00058241087
 20
4.538764974000031
 30
0.0
 10
118.6041729194
 20
6.604719834999997
 30
0.0
 10
117.5386448628
 20
7.780583750000034
 30
0.0
 10
115.7180167741
 20
10.36877932100003
 30
0.0
 10
114.577320726
 20
13.32040675600004
 30
0.0
 10
114.1920774584
 20
14.85927012600004
 30
0.0
 10
114.0
 20
16.42974926500003
 30
0.0
 10
114.0
 20
18.00000000000003
 30
0.0
  0
SPLINE
  5
BA
330
1F
100
AcDbEntity
  8
5
  6
Continuous
 62
   163
370
    18
100
AcDbSpline
210
0.0
220
0.0
230
1.0
 70
     8
 71
     5
 72
    12
 73
     6
 74
     0
 42
0.000000001
 43
0.0000000001
 40
0.0
 40
0.0
 40
0.0
 40
0.0
 40
0.0
 40
0.0
 40
1.0
 40
1.0
 40
1.0
 40
1.0
 40
1.0
 40
1.0
 10
307.8
 20
83.60000000000002
 30
0.0
 10
307.8
 20
83.75707963300002
 30
0.0
 10
307.737129252
 20
83.91566906800003
 30
0.0
 10
307.615669068
 20
84.03712925200003
 30
0.0
 10
307.457079633
 20
84.10000000000002
 30
0.0
 10
307.3
 20
84.10000000000002
 30
0.0
  0
SPLINE
  5
BB
330
1F
100
AcDbEntity
  8
5
  6
Continuous
 62
   163
370
    18
100
AcDbSpline
210
0.0
220
0.0
230
1.0
 70
     8
 71
     5
 72
    12
 73
     6
 74
     0
 42
0.000000001
 43
0.0000000001
 40
0.0
 40
0.0
 40
0.0
 40
0.0
 40
0.0
 40
0.0
 40
1.0
 40
1.0
 40
1.0
 40
1.0
 40
1.0
 40
1.0
 10
300.8
 20
79.10000000000002
 30
0.0
 10
301.742477796
 20
79.10000000000002
 30
0.0
 10
302.68583493
 20
78.73095498800001
 30
0.0
 10
303.4309549880001
 20
77.98583493000004
 30
0.0
 10
303.8
 20
77.04247779599999
 30
0.0
 10
303.8
 20
76.10000000000002
 30
0.0
  0
SPLINE
  5
BC
330
1F
100
AcDbEntity
  8
5
  6
Continuous
 62
   163
370
    18
100
AcDbSpline
210
0.0
220
0.0
230
1.0
 70
     8
 71
     5
 72
    27
 73
    21
 74
     0
 42
0.000000001
 43
0.0000000001
 40
0.0
 40
0.0
 40
0.0
 40
0.0
 40
0.0
 40
0.0
 40
0.1649151696262686
 40
0.1649151696262686
 40
0.1649151696262686
 40
0.3319319953434769
 40
0.3319319953434769
 40
0.3319319953434769
 40
0.4989535280418288
 40
0.4989535280418288
 40
0.4989535280418288
 40
0.6659802279212078
 40
0.6659802279212078
 40
0.6659802279212078
 40
0.8329971693491196
 40
0.8329971693491196
 40
0.8329971693491196
 40
1.0
 40
1.0
 40
1.0
 40
1.0
 40
1.0
 40
1.0
 10
148.0
 20
121.0
 30
0.0
 10
148.0
 20
122.450625608
 30
0.0
 10
148.1878852389
 20
123.901250742
 30
0.0
 10
148.5638439444
 20
125.319591116
 30
0.0
 10
149.6812140297
 20
128.043436753
 30
0.0
 10
151.4597911913
 20
130.390379696
 30
0.0
 10
152.505678574
 20
131.446680827
 30
0.0
 10
154.8496662808
 20
133.259853509
 30
0.0
 10
157.581978323
 20
134.407205133
 30
0.0
 10
159.0163251031
 20
134.797549428
 30
0.0
 10
161.9533931048
 20
135.1926471530001
 30
0.0
 10
164.8929986122
 20
134.816854339
 30
0.0
 10
166.3298938728
 20
134.435934285
 30
0.0
 10
169.069718805
 20
133.306519258
 30
0.0
 10
171.4255903697
 20
131.5087345920001
 30
0.0
 10
172.4783868687
 20
130.459316918
 30
0.0
 10
174.2836053533
 20
128.109405973
 30
0.0
 10
175.4217853322
 20
125.373445454
 30
0.0
 10
175.8073277742
 20
123.937977667
 30
0.0
 10
176.0
 20
122.468989077
 30
0.0
 10
176.0
 20
121.0
 30
0.0
  0
SPLINE
  5
BD
330
1F
100
AcDbEntity
  8
5
  6
Continuous
 62
   163
370
    18
100
AcDbSpline
210
0.0
220
0.0
230
1.0
 70
     8
 71
     5
 72
    21
 73
    15
 74
     0
 42
0.000000001
 43
0.0000000001
 40
0.0
 40
0.0
 40
0.0
 40
0.0
 40
0.0
 40
0.0
 40
0.1164786061092349
 40
0.1164786061092349
 40
0.1164786061092349
 40
0.410939501216616
 40
0.410939501216616
 40
0.410939501216616
 40
0.7054941270708828
 40
0.7054941270708828
 40
0.7054941270708828
 40
1.0
 40
1.0
 40
1.0
 40
1.0
 40
1.0
 40
1.0
 10
130.0000000000001
 20
0.0
 30
0.0
 10
130.658612882308
 20
0.0
 30
0.0
 10
131.31726148912
 20
0.0300362909999876
 30
0.0
 10
131.97637415018
 20
0.0904208100000403
 30
0.0
 10
134.28067630693
 20
0.4085741690000191
 30
0.0
 10
136.51660066154
 20
1.095699875000037
 30
0.0
 10
138.05437995033
 20
1.772424489000002
 30
0.0
 10
140.9458266314
 20
3.469291518999995
 30
0.0
 10
143.3741558048
 20
5.780920264999992
 30
0.0
 10
144.4492202839
 20
7.07281915400003
 30
0.0
 10
146.2809512923
 20
9.881148868000025
 30
0.0
 10
147.4229288974
 20
13.03359437400002
 30
0.0
 10
147.8079820203
 20
14.66928255600004
 30
0.0
 10
148.0
 20
16.33475546899999
 30
0.0
 10
148.0
 20
18.00000000000003
 30
0.0
  0
SPLINE
  5
BE
330
1F
100
AcDbEntity
  8
5
  6
Continuous
 62
   163
370
    18
100
AcDbSpline
210
0.0
220
0.0
230
1.0
 70
     8
 71
     5
 72
    12
 73
     6
 74
     0
 42
0.000000001
 43
0.0000000001
 40
0.0
 40
0.0
 40
0.0
 40
0.0
 40
0.0
 40
0.0
 40
1.0
 40
1.0
 40
1.0
 40
1.0
 40
1.0
 40
1.0
 10
-1.0
 20
79.10000000000002
 30
0.0
 10
-0.6858407349999993
 20
79.10000000000002
 30
0.0
 10
-0.3686618639999892
 20
78.97425850300002
 30
0.0
 10
-0.125741497000007
 20
78.73133813600003
 30
0.0
 10
0.0
 20
78.41415926500002
 30
0.0
 10
0.0
 20
78.10000000000002
 30
0.0
  0
SPLINE
  5
BF
330
1F
100
AcDbEntity
  8
5
  6
Continuous
 62
   163
370
    18
100
AcDbSpline
210
0.0
220
0.0
230
1.0
 70
     8
 71
     5
 72
    12
 73
     6
 74
     0
 42
0.000000001
 43
0.0000000001
 40
0.0
 40
0.0
 40
0.0
 40
0.0
 40
0.0
 40
0.0
 40
1.0
 40
1.0
 40
1.0
 40
1.0
 40
1.0
 40
1.0
 10
260.0
 20
78.10000000000002
 30
0.0
 10
260.0
 20
78.41415926500002
 30
0.0
 10
260.125741497
 20
78.73133813600003
 30
0.0
 10
260.368661864
 20
78.97425850300002
 30
0.0
 10
260.685840735
 20
79.10000000000002
 30
0.0
 10
261.0
 20
79.10000000000002
 30
0.0
  0
SPLINE
  5
C0
330
1F
100
AcDbEntity
  8
5
  6
Continuous
 62
   163
370
    18
100
AcDbSpline
210
0.0
220
0.0
230
1.0
 70
     8
 71
     4
 72
    10
 73
     5
 74
     0
 42
0.000000001
 43
0.0000000001
 40
0.0
 40
0.0
 40
0.0
 40
0.0
 40
0.0
 40
1.0
 40
1.0
 40
1.0
 40
1.0
 40
1.0
 10
257.0
 20
3.500000000000028
 30
0.0
 10
257.0
 20
3.303650459000039
 30
0.0
 10
256.895215419
 20
3.104784581000018
 30
0.0
 10
256.696349541
 20
3.000000000000028
 30
0.0
 10
256.5
 20
3.000000000000028
 30
0.0
  0
SPLINE
  5
C1
330
1F
100
AcDbEntity
  8
5
  6
Continuous
 62
   163
370
    18
100
AcDbSpline
210
0.0
220
0.0
230
1.0
 70
     8
 71
     5
 72
    30
 73
    24
 74
     0
 42
0.000000001
 43
0.0000000001
 40
0.0
 40
0.0
 40
0.0
 40
0.0
 40
0.0
 40
0.0
 40
0.156187496930263
 40
0.156187496930263
 40
0.156187496930263
 40
0.3123887823560694
 40
0.3123887823560694
 40
0.3123887823560694
 40
0.4685971651544345
 40
0.4685971651544345
 40
0.4685971651544345
 40
0.6248008753163437
 40
0.6248008753163437
 40
0.6248008753163437
 40
0.7810125130550641
 40
0.7810125130550641
 40
0.7810125130550641
 40
0.9372185775557341
 40
0.9372185775557341
 40
0.9372185775557341
 40
1.0
 40
1.0
 40
1.0
 40
1.0
 40
1.0
 40
1.0
 10
210.0
 20
18.00000000000003
 30
0.0
 10
210.0
 20
16.42992885200002
 30
0.0
 10
209.807412232
 20
14.85985813000002
 30
0.0
 10
209.4220632232
 20
13.32114619800004
 30
0.0
 10
208.2820949364
 20
10.36984385100001
 30
0.0
 10
206.4626834061
 20
7.781520914000026
 30
0.0
 10
205.3977100376
 20
6.605769710999994
 30
0.0
 10
203.0012936194
 20
4.539793407000019
 30
0.0
 10
200.1765446912
 20
3.114350462000033
 30
0.0
 10
198.6830829157
 20
2.579162203000038
 30
0.0
 10
195.595847353
 20
1.886173963000005
 30
0.0
 10
192.4326450054
 20
1.960084188000025
 30
0.0
 10
190.8635733927
 20
2.191868085000038
 30
0.0
 10
187.814072764
 20
3.035643214000032
 30
0.0
 10
185.0588809765
 20
4.591385375000016
 30
0.0
 10
183.7840727312
 20
5.535221471000028
 30
0.0
 10
181.4919463016
 20
7.716472160000023
 30
0.0
 10
179.7951484282
 20
10.38714201900004
 30
0.0
 10
179.1155263045
 20
11.82063137
 30
0.0
 10
178.4189657995
 20
13.92627687800004
 30
0.0
 10
178.0936620039
 20
16.10617401900004
 30
0.0
 10
178.0311170539
 20
16.73778251700003
 30
0.0
 10
178.0
 20
17.36889122400004
 30
0.0
 10
178.0
 20
18.00000000000003
 30
0.0
  0
SPLINE
  5
C2
330
1F
100
AcDbEntity
  8
5
  6
Continuous
 62
   163
370
    18
100
AcDbSpline
210
0.0
220
0.0
230
1.0
 70
     8
 71
     5
 72
    12
 73
     6
 74
     0
 42
0.000000001
 43
0.0000000001
 40
0.0
 40
0.0
 40
0.0
 40
0.0
 40
0.0
 40
0.0
 40
1.0
 40
1.0
 40
1.0
 40
1.0
 40
1.0
 40
1.0
 10
29.0
 20
0.0
 30
0.0
 10
29.314159265
 20
0.0
 30
0.0
 10
29.631338136
 20
0.1257414970000355
 30
0.0
 10
29.87425850299998
 20
0.3686618640000177
 30
0.0
 10
30.0
 20
0.6858407349999993
 30
0.0
 10
30.0
 20
1.000000000000028
 30
0.0
  0
SPLINE
  5
C3
330
1F
100
AcDbEntity
  8
5
  6
Continuous
 62
   163
370
    18
100
AcDbSpline
210
0.0
220
0.0
230
1.0
 70
     8
 71
     5
 72
    12
 73
     6
 74
     0
 42
0.000000001
 43
0.0000000001
 40
0.0
 40
0.0
 40
0.0
 40
0.0
 40
0.0
 40
0.0
 40
1.0
 40
1.0
 40
1.0
 40
1.0
 40
1.0
 40
1.0
 10
239.0
 20
99.70204102900001
 30
0.0
 10
238.602688247
 20
98.33982930500002
 30
0.0
 10
238.302688247
 20
96.94931457800004
 30
0.0
 10
238.101344124
 20
95.53990571300002
 30
0.0
 10
238.0
 20
94.12101157500004
 30
0.0
 10
238.0
 20
92.70204102900001
 30
0.0
  0
SPLINE
  5
C4
330
1F
100
AcDbEntity
  8
5
  6
Continuous
 62
   163
370
    18
100
AcDbSpline
210
0.0
220
0.0
230
1.0
 70
     8
 71
     5
 72
    30
 73
    24
 74
     0
 42
0.000000001
 43
0.0000000001
 40
0.0
 40
0.0
 40
0.0
 40
0.0
 40
0.0
 40
0.0
 40
0.0627814224426858
 40
0.0627814224426858
 40
0.0627814224426858
 40
0.2189874869488861
 40
0.2189874869488861
 40
0.2189874869488861
 40
0.3751991246876066
 40
0.3751991246876066
 40
0.3751991246876066
 40
0.5314028348475406
 40
0.5314028348475406
 40
0.5314028348475406
 40
0.687611217647881
 40
0.687611217647881
 40
0.687611217647881
 40
0.8438125030774402
 40
0.8438125030774402
 40
0.8438125030774402
 40
1.0
 40
1.0
 40
1.0
 40
1.0
 40
1.0
 40
1.0
 10
50.0
 20
121.0
 30
0.0
 10
50.0
 20
121.631108776
 30
0.0
 10
49.9688829461
 20
122.262217483
 30
0.0
 10
49.90633799609999
 20
122.893825981
 30
0.0
 10
49.5810342006
 20
125.073723122
 30
0.0
 10
48.88447369549999
 20
127.17936863
 30
0.0
 10
48.20485157189999
 20
128.612857981
 30
0.0
 10
46.50805369859998
 20
131.28352784
 30
0.0
 10
44.2159272689
 20
133.4647785290001
 30
0.0
 10
42.9411190236
 20
134.408614625
 30
0.0
 10
40.1859272362
 20
135.9643567857
 30
0.0
 10
37.13642660749998
 20
136.8081319148
 30
0.0
 10
35.5673549947
 20
137.0399158119
 30
0.0
 10
32.40415264719999
 20
137.1138260369
 30
0.0
 10
29.316917084
 20
136.4208377973
 30
0.0
 10
27.823455309
 20
135.8856495384001
 30
0.0
 10
24.99870638100001
 20
134.460206593
 30
0.0
 10
22.602289963
 20
132.3942302890001
 30
0.0
 10
21.537316594
 20
131.2184790860001
 30
0.0
 10
19.71790506400001
 20
128.630156149
 30
0.0
 10
18.57793677700001
 20
125.678853803
 30
0.0
 10
18.192587768
 20
124.14014187
 30
0.0
 10
18.0
 20
122.570071148
 30
0.0
 10
18.0
 20
121.0
 30
0.0
  0
SPLINE
  5
C5
330
1F
100
AcDbEntity
  8
5
  6
Continuous
 62
   163
370
    18
100
AcDbSpline
210
0.0
220
0.0
230
1.0
 70
     8
 71
     5
 72
    30
 73
    24
 74
     0
 42
0.000000001
 43
0.0000000001
 40
0.0
 40
0.0
 40
0.0
 40
0.0
 40
0.0
 40
0.0
 40
0.062781422446636
 40
0.062781422446636
 40
0.062781422446636
 40
0.2189874869548116
 40
0.2189874869548116
 40
0.2189874869548116
 40
0.375199124693532
 40
0.375199124693532
 40
0.375199124693532
 40
0.5314028348475406
 40
0.5314028348475406
 40
0.5314028348475406
 40
0.6876112176459058
 40
0.6876112176459058
 40
0.6876112176459058
 40
0.8438125030711197
 40
0.8438125030711197
 40
0.8438125030711197
 40
1.0
 40
1.0
 40
1.0
 40
1.0
 40
1.0
 40
1.0
 10
82.0
 20
18.00000000000003
 30
0.0
 10
82.0
 20
17.36889122400004
 30
0.0
 10
81.9688829461
 20
16.73778251700003
 30
0.0
 10
81.9063379961
 20
16.10617401900004
 30
0.0
 10
81.5810342005
 20
13.92627687800004
 30
0.0
 10
80.8844736954
 20
11.82063137
 30
0.0
 10
80.20485157190001
 20
10.38714201900004
 30
0.0
 10
78.5080536984
 20
7.716472160000023
 30
0.0
 10
76.2159272688
 20
5.535221471000028
 30
0.0
 10
74.9411190235
 20
4.591385375000016
 30
0.0
 10
72.1859272361
 20
3.035643214000032
 30
0.0
 10
69.1364266075
 20
2.191868085000038
 30
0.0
 10
67.56735499429999
 20
1.960084188000025
 30
0.0
 10
64.40415264689999
 20
1.886173963000005
 30
0.0
 10
61.3169170843
 20
2.579162203000038
 30
0.0
 10
59.82345530880001
 20
3.114350462000033
 30
0.0
 10
56.9987063807
 20
4.539793407000019
 30
0.0
 10
54.6022899625
 20
6.605769710999994
 30
0.0
 10
53.53731659379999
 20
7.781520914000026
 30
0.0
 10
51.7179050636
 20
10.36984385100001
 30
0.0
 10
50.5779367768
 20
13.32114619800004
 30
0.0
 10
50.192587768
 20
14.85985813000002
 30
0.0
 10
50.0
 20
16.42992885200002
 30
0.0
 10
50.0
 20
18.00000000000003
 30
0.0
  0
SPLINE
  5
C6
330
1F
100
AcDbEntity
  8
5
  6
Continuous
 62
   163
370
    18
100
AcDbSpline
210
0.0
220
0.0
230
1.0
 70
     8
 71
     5
 72
    30
 73
    24
 74
     0
 42
0.000000001
 43
0.0000000001
 40
0.0
 40
0.0
 40
0.0
 40
0.0
 40
0.0
 40
0.0
 40
0.1561874969223624
 40
0.1561874969223624
 40
0.1561874969223624
 40
0.3123887823461937
 40
0.3123887823461937
 40
0.3123887823461937
 40
0.4685971651465339
 40
0.4685971651465339
 40
0.4685971651465339
 40
0.6248008753123934
 40
0.6248008753123934
 40
0.6248008753123934
 40
0.7810125130491388
 40
0.7810125130491388
 40
0.7810125130491388
 40
0.9372185775571168
 40
0.9372185775571168
 40
0.9372185775571168
 40
1.0
 40
1.0
 40
1.0
 40
1.0
 40
1.0
 40
1.0
 10
242.0
 20
121.0
 30
0.0
 10
242.0
 20
122.570071148
 30
0.0
 10
241.807412232
 20
124.14014187
 30
0.0
 10
241.422063223
 20
125.678853803
 30
0.0
 10
240.282094936
 20
128.630156149
 30
0.0
 10
238.462683406
 20
131.2184790860001
 30
0.0
 10
237.397710037
 20
132.3942302890001
 30
0.0
 10
235.001293619
 20
134.460206593
 30
0.0
 10
232.176544691
 20
135.8856495384001
 30
0.0
 10
230.683082916
 20
136.4208377972
 30
0.0
 10
227.5958473529
 20
137.1138260369
 30
0.0
 10
224.4326450053
 20
137.0399158119
 30
0.0
 10
222.8635733927
 20
136.8081319148
 30
0.0
 10
219.8140727639
 20
135.9643567858
 30
0.0
 10
217.0588809765
 20
134.408614625
 30
0.0
 10
215.7840727312
 20
133.4647785290001
 30
0.0
 10
213.4919463015
 20
131.28352784
 30
0.0
 10
211.7951484281
 20
128.612857981
 30
0.0
 10
211.1155263045
 20
127.17936863
 30
0.0
 10
210.4189657994
 20
125.073723122
 30
0.0
 10
210.0936620039
 20
122.893825981
 30
0.0
 10
210.0311170539
 20
122.262217483
 30
0.0
 10
210.0
 20
121.631108776
 30
0.0
 10
210.0
 20
121.0
 30
0.0
  0
SPLINE
  5
C7
330
1F
100
AcDbEntity
  8
5
  6
Continuous
 62
   163
370
    18
100
AcDbSpline
210
0.0
220
0.0
230
1.0
 70
     8
 71
     5
 72
    12
 73
     6
 74
     0
 42
0.000000001
 43
0.0000000001
 40
0.0
 40
0.0
 40
0.0
 40
0.0
 40
0.0
 40
0.0
 40
1.0
 40
1.0
 40
1.0
 40
1.0
 40
1.0
 40
1.0
 10
3.0
 20
78.10000000000002
 30
0.0
 10
3.0
 20
78.41415926500002
 30
0.0
 10
3.125741497000007
 20
78.73133813600003
 30
0.0
 10
3.368661864000003
 20
78.97425850300002
 30
0.0
 10
3.685840734999999
 20
79.10000000000002
 30
0.0
 10
4.0
 20
79.10000000000002
 30
0.0
  0
SPLINE
  5
C8
330
1F
100
AcDbEntity
  8
5
  6
Continuous
 62
   163
370
    18
100
AcDbSpline
210
0.0
220
0.0
230
1.0
 70
     8
 71
     5
 72
    12
 73
     6
 74
     0
 42
0.000000001
 43
0.0000000001
 40
0.0
 40
0.0
 40
0.0
 40
0.0
 40
0.0
 40
0.0
 40
1.0
 40
1.0
 40
1.0
 40
1.0
 40
1.0
 40
1.0
 10
302.3
 20
69.1
 30
0.0
 10
302.142920367
 20
69.1
 30
0.0
 10
301.984330932
 20
69.03712925200003
 30
0.0
 10
301.862870748
 20
68.91566906800003
 30
0.0
 10
301.8
 20
68.75707963300002
 30
0.0
 10
301.8
 20
68.6
 30
0.0
  0
SPLINE
  5
C9
330
1F
100
AcDbEntity
  8
5
  6
Continuous
 62
   163
370
    18
100
AcDbSpline
210
0.0
220
0.0
230
1.0
 70
     8
 71
     5
 72
    21
 73
    15
 74
     0
 42
0.000000001
 43
0.0000000001
 40
0.0
 40
0.0
 40
0.0
 40
0.0
 40
0.0
 40
0.0
 40
0.3123984102912977
 40
0.3123984102912977
 40
0.3123984102912977
 40
0.6248762590237998
 40
0.6248762590237998
 40
0.6248762590237998
 40
0.9371937948276714
 40
0.9371937948276714
 40
0.9371937948276714
 40
1.0
 40
1.0
 40
1.0
 40
1.0
 40
1.0
 40
1.0
 10
146.0
 20
18.00000000000003
 30
0.0
 10
146.0
 20
16.42974926500003
 30
0.0
 10
145.8079225416
 20
14.85927012600004
 30
0.0
 10
145.422679274
 20
13.32040675600004
 30
0.0
 10
144.2819832259
 20
10.36877932100003
 30
0.0
 10
142.4613551372
 20
7.780583750000034
 30
0.0
 10
141.3958270809
 20
6.604719834999997
 30
0.0
 10
138.9994175894
 20
4.538764974000031
 30
0.0
 10
136.17493141144
 20
3.113070311000001
 30
0.0
 10
134.68199474718
 20
2.57804426200002
 30
0.0
 10
132.82822468865
 20
2.162528554000033
 30
0.0
 10
130.947161884867
 20
2.02331807500002
 30
0.0
 10
130.631392021117
 20
2.007763613000009
 30
0.0
 10
130.315691394589
 20
2.000000000000028
 30
0.0
 10
130.0000000000001
 20
2.000000000000028
 30
0.0
  0
SPLINE
  5
CA
330
1F
100
AcDbEntity
  8
5
  6
Continuous
 62
   163
370
    18
100
AcDbSpline
210
0.0
220
0.0
230
1.0
 70
     8
 71
     5
 72
    12
 73
     6
 74
     0
 42
0.000000001
 43
0.0000000001
 40
0.0
 40
0.0
 40
0.0
 40
0.0
 40
0.0
 40
0.0
 40
1.0
 40
1.0
 40
1.0
 40
1.0
 40
1.0
 40
1.0
 10
239.971085226
 20
105.5
 30
0.0
 10
239.914422473
 20
104.322893395
 30
0.0
 10
239.788082651
 20
103.149171117
 30
0.0
 10
239.592965683
 20
101.984206246
 30
0.0
 10
239.329971492
 20
100.833371857
 30
0.0
 10
239.0
 20
99.70204102900001
 30
0.0
  0
SPLINE
  5
CB
330
1F
100
AcDbEntity
  8
5
  6
Continuous
 62
   163
370
    18
100
AcDbSpline
210
0.0
220
0.0
230
1.0
 70
     8
 71
     5
 72
    27
 73
    21
 74
     0
 42
0.000000001
 43
0.0000000001
 40
0.0
 40
0.0
 40
0.0
 40
0.0
 40
0.0
 40
0.0
 40
0.1649151696465571
 40
0.1649151696465571
 40
0.1649151696465571
 40
0.3319319953412226
 40
0.3319319953412226
 40
0.3319319953412226
 40
0.4989535280395746
 40
0.4989535280395746
 40
0.4989535280395746
 40
0.6659802279369879
 40
0.6659802279369879
 40
0.6659802279369879
 40
0.8329971693644488
 40
0.8329971693644488
 40
0.8329971693644488
 40
1.0
 40
1.0
 40
1.0
 40
1.0
 40
1.0
 40
1.0
 10
212.0
 20
121.0
 30
0.0
 10
212.0
 20
122.450625608
 30
0.0
 10
212.1878852389
 20
123.901250742
 30
0.0
 10
212.5638439446
 20
125.319591117
 30
0.0
 10
213.6812140302
 20
128.043436753
 30
0.0
 10
215.4597911917
 20
130.390379696
 30
0.0
 10
216.5056785753
 20
131.446680828
 30
0.0
 10
218.8496662821
 20
133.259853509
 30
0.0
 10
221.5819783239
 20
134.407205133
 30
0.0
 10
223.0163251044
 20
134.797549429
 30
0.0
 10
225.9533931062
 20
135.1926471530001
 30
0.0
 10
228.8929986135
 20
134.816854339
 30
0.0
 10
230.329893874
 20
134.435934285
 30
0.0
 10
233.069718806
 20
133.306519257
 30
0.0
 10
235.425590371
 20
131.5087345910001
 30
0.0
 10
236.47838687
 20
130.459316917
 30
0.0
 10
238.283605354
 20
128.109405972
 30
0.0
 10
239.421785332
 20
125.373445453
 30
0.0
 10
239.807327774
 20
123.937977666
 30
0.0
 10
240.0
 20
122.468989077
 30
0.0
 10
240.0
 20
121.0
 30
0.0
  0
SPLINE
  5
CC
330
1F
100
AcDbEntity
  8
5
  6
Continuous
 62
   163
370
    18
100
AcDbSpline
210
0.0
220
0.0
230
1.0
 70
     8
 71
     5
 72
    12
 73
     6
 74
     0
 42
0.000000001
 43
0.0000000001
 40
0.0
 40
0.0
 40
0.0
 40
0.0
 40
0.0
 40
0.0
 40
1.0
 40
1.0
 40
1.0
 40
1.0
 40
1.0
 40
1.0
 10
260.0
 20
51.10000000000002
 30
0.0
 10
260.0
 20
52.04247779600001
 30
0.0
 10
260.369045012
 20
52.98583493000004
 30
0.0
 10
261.11416507
 20
53.73095498800004
 30
0.0
 10
262.057522204
 20
54.10000000000002
 30
0.0
 10
263.0
 20
54.10000000000002
 30
0.0
  0
SPLINE
  5
CD
330
1F
100
AcDbEntity
  8
5
  6
Continuous
 62
   163
370
    18
100
AcDbSpline
210
0.0
220
0.0
230
1.0
 70
     8
 71
     5
 72
    12
 73
     6
 74
     0
 42
0.000000001
 43
0.0000000001
 40
0.0
 40
0.0
 40
0.0
 40
0.0
 40
0.0
 40
0.0
 40
1.0
 40
1.0
 40
1.0
 40
1.0
 40
1.0
 40
1.0
 10
256.0
 20
79.10000000000002
 30
0.0
 10
256.314159265
 20
79.10000000000002
 30
0.0
 10
256.631338136
 20
78.97425850300002
 30
0.0
 10
256.874258503
 20
78.73133813600003
 30
0.0
 10
257.0
 20
78.41415926500002
 30
0.0
 10
257.0
 20
78.10000000000002
 30
0.0
  0
SPLINE
  5
CE
330
1F
100
AcDbEntity
  8
5
  6
Continuous
 62
   163
370
    18
100
AcDbSpline
210
0.0
220
0.0
230
1.0
 70
     8
 71
     5
 72
    12
 73
     6
 74
     0
 42
0.000000001
 43
0.0000000001
 40
0.0
 40
0.0
 40
0.0
 40
0.0
 40
0.0
 40
0.0
 40
1.0
 40
1.0
 40
1.0
 40
1.0
 40
1.0
 40
1.0
 10
230.0
 20
1.000000000000028
 30
0.0
 10
230.0
 20
0.6858407349999993
 30
0.0
 10
230.125741497
 20
0.3686618640000177
 30
0.0
 10
230.368661864
 20
0.1257414970000355
 30
0.0
 10
230.685840735
 20
0.0
 30
0.0
 10
231.0
 20
0.0
 30
0.0
  0
SPLINE
  5
CF
330
1F
100
AcDbEntity
  8
5
  6
Continuous
 62
   163
370
    18
100
AcDbSpline
210
0.0
220
0.0
230
1.0
 70
     8
 71
     5
 72
    12
 73
     6
 74
     0
 42
0.000000001
 43
0.0000000001
 40
0.0
 40
0.0
 40
0.0
 40
0.0
 40
0.0
 40
0.0
 40
1.0
 40
1.0
 40
1.0
 40
1.0
 40
1.0
 40
1.0
 10
-42.94644660899999
 20
54.24644660900003
 30
0.0
 10
-42.89091057300001
 20
54.19091057300002
 30
0.0
 10
-42.82411446400002
 20
54.14697659000001
 30
0.0
 10
-42.74973103400001
 20
54.11616596400003
 30
0.0
 10
-42.67143303500001
 20
54.10000000000002
 30
0.0
 10
-42.59289321899999
 20
54.10000000000002
 30
0.0
  0
SPLINE
  5
D0
330
1F
100
AcDbEntity
  8
5
  6
Continuous
 62
   163
370
    18
100
AcDbSpline
210
0.0
220
0.0
230
1.0
 70
     8
 71
     5
 72
    12
 73
     6
 74
     0
 42
0.000000001
 43
0.0000000001
 40
0.0
 40
0.0
 40
0.0
 40
0.0
 40
0.0
 40
0.0
 40
1.0
 40
1.0
 40
1.0
 40
1.0
 40
1.0
 40
1.0
 10
4.0
 20
34.00000000000003
 30
0.0
 10
3.685840734999999
 20
34.00000000000003
 30
0.0
 10
3.368661864000003
 20
34.12574149700004
 30
0.0
 10
3.125741497000007
 20
34.36866186400002
 30
0.0
 10
3.0
 20
34.68584073500003
 30
0.0
 10
3.0
 20
35.00000000000003
 30
0.0
  0
SPLINE
  5
D1
330
1F
100
AcDbEntity
  8
5
  6
Continuous
 62
   163
370
    18
100
AcDbSpline
210
0.0
220
0.0
230
1.0
 70
     8
 71
     4
 72
    10
 73
     5
 74
     0
 42
0.000000001
 43
0.0000000001
 40
0.0
 40
0.0
 40
0.0
 40
0.0
 40
0.0
 40
1.0
 40
1.0
 40
1.0
 40
1.0
 40
1.0
 10
233.5
 20
3.000000000000028
 30
0.0
 10
233.303650459
 20
3.000000000000028
 30
0.0
 10
233.104784581
 20
3.104784581000018
 30
0.0
 10
233.0
 20
3.303650459000039
 30
0.0
 10
233.0
 20
3.500000000000028
 30
0.0
  0
SPLINE
  5
D2
330
1F
100
AcDbEntity
  8
5
  6
Continuous
 62
   163
370
    18
100
AcDbSpline
210
0.0
220
0.0
230
1.0
 70
     8
 71
     5
 72
    12
 73
     6
 74
     0
 42
0.000000001
 43
0.0000000001
 40
0.0
 40
0.0
 40
0.0
 40
0.0
 40
0.0
 40
0.0
 40
1.0
 40
1.0
 40
1.0
 40
1.0
 40
1.0
 40
1.0
 10
-39.80000000000001
 20
57.10000000000002
 30
0.0
 10
-40.42831853100003
 20
57.10000000000002
 30
0.0
 10
-41.05722328700003
 20
57.34603000800004
 30
0.0
 10
-41.55396999199999
 20
57.84277671300001
 30
0.0
 10
-41.80000000000001
 20
58.471681469
 30
0.0
 10
-41.80000000000001
 20
59.10000000000002
 30
0.0
  0
SPLINE
  5
D3
330
1F
100
AcDbEntity
  8
5
  6
Continuous
 62
   163
370
    18
100
AcDbSpline
210
0.0
220
0.0
230
1.0
 70
     8
 71
     5
 72
    21
 73
    15
 74
     0
 42
0.000000001
 43
0.0000000001
 40
0.0
 40
0.0
 40
0.0
 40
0.0
 40
0.0
 40
0.0
 40
0.2945058729248977
 40
0.2945058729248977
 40
0.2945058729248977
 40
0.5890604987763515
 40
0.5890604987763515
 40
0.5890604987763515
 40
0.883521393883381
 40
0.883521393883381
 40
0.883521393883381
 40
1.0
 40
1.0
 40
1.0
 40
1.0
 40
1.0
 40
1.0
 10
112.0
 20
18.00000000000003
 30
0.0
 10
112.0
 20
16.33475546899999
 30
0.0
 10
112.1920179797
 20
14.66928255600004
 30
0.0
 10
112.5770711026
 20
13.03359437500004
 30
0.0
 10
113.7190487076
 20
9.881148868000025
 30
0.0
 10
115.550779716
 20
7.07281915400003
 30
0.0
 10
116.6258441951
 20
5.780920264999992
 30
0.0
 10
119.0541733685
 20
3.469291518999995
 30
0.0
 10
121.94562004951
 20
1.772424489000002
 30
0.0
 10
123.48339933825
 20
1.095699875000037
 30
0.0
 10
125.71932369291
 20
0.4085741690000191
 30
0.0
 10
128.0236258497
 20
0.0904208100000403
 30
0.0
 10
128.6827385108
 20
0.0300362909999876
 30
0.0
 10
129.341387117653
 20
0.0
 30
0.0
 10
130.0000000000001
 20
0.0
 30
0.0
  0
SPLINE
  5
D4
330
1F
100
AcDbEntity
  8
5
  6
Continuous
 62
   163
370
    18
100
AcDbSpline
210
0.0
220
0.0
230
1.0
 70
     8
 71
     5
 72
    12
 73
     6
 74
     0
 42
0.000000001
 43
0.0000000001
 40
0.0
 40
0.0
 40
0.0
 40
0.0
 40
0.0
 40
0.0
 40
1.0
 40
1.0
 40
1.0
 40
1.0
 40
1.0
 40
1.0
 10
-43.30000000000001
 20
69.1
 30
0.0
 10
-43.45707963300001
 20
69.1
 30
0.0
 10
-43.61566906799999
 20
69.16287074800002
 30
0.0
 10
-43.73712925199999
 20
69.28433093200002
 30
0.0
 10
-43.80000000000001
 20
69.44292036700003
 30
0.0
 10
-43.80000000000001
 20
69.60000000000002
 30
0.0
  0
SPLINE
  5
D5
330
1F
100
AcDbEntity
  8
5
  6
Continuous
 62
   163
370
    18
100
AcDbSpline
210
0.0
220
0.0
230
1.0
 70
     8
 71
     5
 72
    12
 73
     6
 74
     0
 42
0.000000001
 43
0.0000000001
 40
0.0
 40
0.0
 40
0.0
 40
0.0
 40
0.0
 40
0.0
 40
1.0
 40
1.0
 40
1.0
 40
1.0
 40
1.0
 40
1.0
 10
-43.80000000000001
 20
76.10000000000002
 30
0.0
 10
-43.80000000000001
 20
77.04247779599999
 30
0.0
 10
-43.43095498800002
 20
77.98583493000004
 30
0.0
 10
-42.68583493
 20
78.73095498800001
 30
0.0
 10
-41.742477796
 20
79.10000000000002
 30
0.0
 10
-40.80000000000001
 20
79.10000000000002
 30
0.0
  0
SPLINE
  5
D6
330
1F
100
AcDbEntity
  8
5
  6
Continuous
 62
   163
370
    18
100
AcDbSpline
210
0.0
220
0.0
230
1.0
 70
     8
 71
     4
 72
    10
 73
     5
 74
     0
 42
0.000000001
 43
0.0000000001
 40
0.0
 40
0.0
 40
0.0
 40
0.0
 40
0.0
 40
1.0
 40
1.0
 40
1.0
 40
1.0
 40
1.0
 10
3.5
 20
3.000000000000028
 30
0.0
 10
3.303650458999996
 20
3.000000000000028
 30
0.0
 10
3.10478458099999
 20
3.104784581000018
 30
0.0
 10
3.0
 20
3.303650459000039
 30
0.0
 10
3.0
 20
3.500000000000028
 30
0.0
  0
SPLINE
  5
D7
330
1F
100
AcDbEntity
  8
5
  6
Continuous
 62
   163
370
    18
100
AcDbSpline
210
0.0
220
0.0
230
1.0
 70
     8
 71
     5
 72
    12
 73
     6
 74
     0
 42
0.000000001
 43
0.0000000001
 40
0.0
 40
0.0
 40
0.0
 40
0.0
 40
0.0
 40
0.0
 40
1.0
 40
1.0
 40
1.0
 40
1.0
 40
1.0
 40
1.0
 10
21.0
 20
99.70204102900001
 30
0.0
 10
20.670028508
 20
100.833371857
 30
0.0
 10
20.407034317
 20
101.984206246
 30
0.0
 10
20.211917349
 20
103.149171117
 30
0.0
 10
20.085577527
 20
104.322893395
 30
0.0
 10
20.028914774
 20
105.5
 30
0.0
  0
SPLINE
  5
D8
330
1F
100
AcDbEntity
  8
5
  6
Continuous
 62
   163
370
    18
100
AcDbSpline
210
0.0
220
0.0
230
1.0
 70
     8
 71
     5
 72
    30
 73
    24
 74
     0
 42
0.000000001
 43
0.0000000001
 40
0.0
 40
0.0
 40
0.0
 40
0.0
 40
0.0
 40
0.0
 40
0.1165917910369388
 40
0.1165917910369388
 40
0.1165917910369388
 40
0.2638289720945644
 40
0.2638289720945644
 40
0.2638289720945644
 40
0.4110705611275625
 40
0.4110705611275625
 40
0.4110705611275625
 40
0.558299884980985
 40
0.558299884980985
 40
0.558299884980985
 40
0.7055397282214089
 40
0.7055397282214089
 40
0.7055397282214089
 40
0.8527778430276536
 40
0.8527778430276536
 40
0.8527778430276536
 40
1.0
 40
1.0
 40
1.0
 40
1.0
 40
1.0
 40
1.0
 10
176.0
 20
18.00000000000003
 30
0.0
 10
176.0
 20
16.68139211700003
 30
0.0
 10
176.120744914
 20
15.36278447199999
 30
0.0
 10
176.3623012446
 20
14.05888895800004
 30
0.0
 10
177.1759023687
 20
11.17518608500004
 30
0.0
 10
178.5666503818
 20
8.512872120000026
 30
0.0
 10
179.5118699314
 20
7.123879072000022
 30
0.0
 10
181.7066110918
 20
4.589449859000041
 30
0.0
 10
184.4219012142
 20
2.622891392000042
 30
0.0
 10
185.8879787847
 20
1.801614454999992
 30
0.0
 10
188.9829743725
 20
0.5129962420000425
 30
0.0
 10
192.2903579588
 20
-0.0353409079999665
 30
0.0
 10
193.9687279164
 20
-0.1161763259999589
 30
0.0
 10
197.3134873852
 20
0.1117618710000272
 30
0.0
 10
200.5179475395
 20
1.097078391000025
 30
0.0
 10
202.0561222666
 20
1.773728319000043
 30
0.0
 10
204.9478340103
 20
3.470217150000025
 30
0.0
 10
207.37597935
 20
5.781975331000041
 30
0.0
 10
208.4504160337
 20
7.073810560000027
 30
0.0
 10
210.2809185181
 20
9.882353908000027
 30
0.0
 10
211.4222800925
 20
13.03449203700004
 30
0.0
 10
211.8074784935
 20
14.66994952400003
 30
0.0
 10
212.0
 20
16.33497457300001
 30
0.0
 10
212.0
 20
18.00000000000003
 30
0.0
  0
SPLINE
  5
D9
330
1F
100
AcDbEntity
  8
5
  6
Continuous
 62
   163
370
    18
100
AcDbSpline
210
0.0
220
0.0
230
1.0
 70
     8
 71
     5
 72
    12
 73
     6
 74
     0
 42
0.000000001
 43
0.0000000001
 40
0.0
 40
0.0
 40
0.0
 40
0.0
 40
0.0
 40
0.0
 40
1.0
 40
1.0
 40
1.0
 40
1.0
 40
1.0
 40
1.0
 10
230.871626189
 20
38.82678343400002
 30
0.0
 10
230.523992239
 20
36.98943956100001
 30
0.0
 10
230.262504382
 20
35.13581580600004
 30
0.0
 10
230.087670882
 20
33.27133245800002
 30
0.0
 10
230.0
 20
31.40140980300004
 30
0.0
 10
230.0
 20
29.53146812599999
 30
0.0
  0
SPLINE
  5
DA
330
1F
100
AcDbEntity
  8
5
  6
Continuous
 62
   163
370
    18
100
AcDbSpline
210
0.0
220
0.0
230
1.0
 70
     8
 71
     5
 72
    12
 73
     6
 74
     0
 42
0.000000001
 43
0.0000000001
 40
0.0
 40
0.0
 40
0.0
 40
0.0
 40
0.0
 40
0.0
 40
1.0
 40
1.0
 40
1.0
 40
1.0
 40
1.0
 40
1.0
 10
23.04595142700001
 20
70.97410826500004
 30
0.0
 10
22.62879068700001
 20
73.17892091300004
 30
0.0
 10
22.315005259
 20
75.40326941800004
 30
0.0
 10
22.105205058
 20
77.64064943500003
 30
0.0
 10
22.0
 20
79.88455662200002
 30
0.0
 10
22.0
 20
82.12848663400004
 30
0.0
  0
SPLINE
  5
DB
330
1F
100
AcDbEntity
  8
5
  6
Continuous
 62
   163
370
    18
100
AcDbSpline
210
0.0
220
0.0
230
1.0
 70
     8
 71
     5
 72
    12
 73
     6
 74
     0
 42
0.000000001
 43
0.0000000001
 40
0.0
 40
0.0
 40
0.0
 40
0.0
 40
0.0
 40
0.0
 40
1.0
 40
1.0
 40
1.0
 40
1.0
 40
1.0
 40
1.0
 10
257.0
 20
35.00000000000003
 30
0.0
 10
257.0
 20
34.68584073500003
 30
0.0
 10
256.874258503
 20
34.36866186400002
 30
0.0
 10
256.631338136
 20
34.12574149700004
 30
0.0
 10
256.314159265
 20
34.00000000000003
 30
0.0
 10
256.0
 20
34.00000000000003
 30
0.0
  0
SPLINE
  5
DC
330
1F
100
AcDbEntity
  8
5
  6
Continuous
 62
   163
370
    18
100
AcDbSpline
210
0.0
220
0.0
230
1.0
 70
     8
 71
     5
 72
    30
 73
    24
 74
     0
 42
0.000000001
 43
0.0000000001
 40
0.0
 40
0.0
 40
0.0
 40
0.0
 40
0.0
 40
0.0
 40
0.1561874969381635
 40
0.1561874969381635
 40
0.1561874969381635
 40
0.3123887823580443
 40
0.3123887823580443
 40
0.3123887823580443
 40
0.4685971651643103
 40
0.4685971651643103
 40
0.4685971651643103
 40
0.624800875336095
 40
0.624800875336095
 40
0.624800875336095
 40
0.7810125130728404
 40
0.7810125130728404
 40
0.7810125130728404
 40
0.9372185775823985
 40
0.9372185775823985
 40
0.9372185775823985
 40
1.0
 40
1.0
 40
1.0
 40
1.0
 40
1.0
 40
1.0
 10
178.0
 20
121.0
 30
0.0
 10
178.0
 20
122.570071148
 30
0.0
 10
177.807412232
 20
124.14014187
 30
0.0
 10
177.4220632231
 20
125.678853803
 30
0.0
 10
176.2820949358
 20
128.630156149
 30
0.0
 10
174.4626834054
 20
131.218479087
 30
0.0
 10
173.3977100366
 20
132.3942302900001
 30
0.0
 10
171.0012936182
 20
134.4602065940001
 30
0.0
 10
168.1765446898
 20
135.8856495389001
 30
0.0
 10
166.6830829148
 20
136.4208377975
 30
0.0
 10
163.5958473517
 20
137.1138260371
 30
0.0
 10
160.4326450039
 20
137.0399158117
 30
0.0
 10
158.8635733918
 20
136.8081319146
 30
0.0
 10
155.8140727629
 20
135.9643567855001
 30
0.0
 10
153.0588809754
 20
134.4086146240001
 30
0.0
 10
151.7840727303
 20
133.464778528
 30
0.0
 10
149.4919463007
 20
131.283527839
 30
0.0
 10
147.7951484275
 20
128.61285798
 30
0.0
 10
147.1155263042
 20
127.179368629
 30
0.0
 10
146.4189657992
 20
125.073723121
 30
0.0
 10
146.0936620039
 20
122.893825981
 30
0.0
 10
146.0311170539
 20
122.262217483
 30
0.0
 10
146.0
 20
121.631108776
 30
0.0
 10
146.0
 20
121.0
 30
0.0
  0
SPLINE
  5
DD
330
1F
100
AcDbEntity
  8
5
  6
Continuous
 62
   163
370
    18
100
AcDbSpline
210
0.0
220
0.0
230
1.0
 70
     8
 71
     5
 72
    12
 73
     6
 74
     0
 42
0.000000001
 43
0.0000000001
 40
0.0
 40
0.0
 40
0.0
 40
0.0
 40
0.0
 40
0.0
 40
1.0
 40
1.0
 40
1.0
 40
1.0
 40
1.0
 40
1.0
 10
243.0
 20
84.10000000000002
 30
0.0
 10
242.685840735
 20
84.10000000000002
 30
0.0
 10
242.368661864
 20
84.22574149700003
 30
0.0
 10
242.125741497
 20
84.46866186400001
 30
0.0
 10
242.0
 20
84.78584073500002
 30
0.0
 10
242.0
 20
85.10000000000002
 30
0.0
  0
SPLINE
  5
DE
330
1F
100
AcDbEntity
  8
5
  6
Continuous
 62
   163
370
    18
100
AcDbSpline
210
0.0
220
0.0
230
1.0
 70
     8
 71
     4
 72
    10
 73
     5
 74
     0
 42
0.000000001
 43
0.0000000001
 40
0.0
 40
0.0
 40
0.0
 40
0.0
 40
0.0
 40
1.0
 40
1.0
 40
1.0
 40
1.0
 40
1.0
 10
233.0
 20
30.5
 30
0.0
 10
233.0
 20
30.69634954100002
 30
0.0
 10
233.104784581
 20
30.89521541900004
 30
0.0
 10
233.303650459
 20
31.0
 30
0.0
 10
233.5
 20
31.0
 30
0.0
  0
SPLINE
  5
DF
330
1F
100
AcDbEntity
  8
5
  6
Continuous
 62
   163
370
    18
100
AcDbSpline
210
0.0
220
0.0
230
1.0
 70
     8
 71
     5
 72
    12
 73
     6
 74
     0
 42
0.000000001
 43
0.0000000001
 40
0.0
 40
0.0
 40
0.0
 40
0.0
 40
0.0
 40
0.0
 40
1.0
 40
1.0
 40
1.0
 40
1.0
 40
1.0
 40
1.0
 10
261.0
 20
57.10000000000002
 30
0.0
 10
260.685840735
 20
57.10000000000002
 30
0.0
 10
260.368661864
 20
57.22574149700003
 30
0.0
 10
260.125741497
 20
57.46866186400004
 30
0.0
 10
260.0
 20
57.78584073500002
 30
0.0
 10
260.0
 20
58.10000000000002
 30
0.0
  0
SPLINE
  5
E0
330
1F
100
AcDbEntity
  8
5
  6
Continuous
 62
   163
370
    18
100
AcDbSpline
210
0.0
220
0.0
230
1.0
 70
     8
 71
     5
 72
    12
 73
     6
 74
     0
 42
0.000000001
 43
0.0000000001
 40
0.0
 40
0.0
 40
0.0
 40
0.0
 40
0.0
 40
0.0
 40
1.0
 40
1.0
 40
1.0
 40
1.0
 40
1.0
 40
1.0
 10
22.0
 20
92.70204102900001
 30
0.0
 10
22.0
 20
94.12101157500004
 30
0.0
 10
21.89865587600001
 20
95.53990571300002
 30
0.0
 10
21.69731175299999
 20
96.94931457800004
 30
0.0
 10
21.397311753
 20
98.33982930500002
 30
0.0
 10
21.0
 20
99.70204102900001
 30
0.0
  0
SPLINE
  5
E1
330
1F
100
AcDbEntity
  8
5
  6
Continuous
 62
   163
370
    18
100
AcDbSpline
210
0.0
220
0.0
230
1.0
 70
     8
 71
     5
 72
    27
 73
    21
 74
     0
 42
0.000000001
 43
0.0000000001
 40
0.0
 40
0.0
 40
0.0
 40
0.0
 40
0.0
 40
0.0
 40
0.167002830644343
 40
0.167002830644343
 40
0.167002830644343
 40
0.3340197720720294
 40
0.3340197720720294
 40
0.3340197720720294
 40
0.5010464719671883
 40
0.5010464719671883
 40
0.5010464719671883
 40
0.6680680046610317
 40
0.6680680046610317
 40
0.6680680046610317
 40
0.8350848303633618
 40
0.8350848303633618
 40
0.8350848303633618
 40
1.0
 40
1.0
 40
1.0
 40
1.0
 40
1.0
 40
1.0
 10
20.0
 20
121.0
 30
0.0
 10
20.0
 20
122.468989077
 30
0.0
 10
20.192672226
 20
123.937977667
 30
0.0
 10
20.578214668
 20
125.373445453
 30
0.0
 10
21.716394646
 20
128.109405972
 30
0.0
 10
23.52161313000001
 20
130.459316917
 30
0.0
 10
24.574409629
 20
131.5087345910001
 30
0.0
 10
26.930281194
 20
133.306519257
 30
0.0
 10
29.67010612599998
 20
134.435934285
 30
0.0
 10
31.1070013865
 20
134.816854339
 30
0.0
 10
34.0466068937
 20
135.1926471530001
 30
0.0
 10
36.9836748955
 20
134.797549429
 30
0.0
 10
38.4180216761
 20
134.407205133
 30
0.0
 10
41.1503337179
 20
133.259853509
 30
0.0
 10
43.4943214247
 20
131.446680828
 30
0.0
 10
44.54020880820001
 20
130.390379696
 30
0.0
 10
46.3187859697
 20
128.043436753
 30
0.0
 10
47.4361560553
 20
125.319591118
 30
0.0
 10
47.81211476119999
 20
123.901250742
 30
0.0
 10
48.0
 20
122.450625608
 30
0.0
 10
48.0
 20
121.0
 30
0.0
  0
SPLINE
  5
E2
330
1F
100
AcDbEntity
  8
5
  6
Continuous
 62
   163
370
    18
100
AcDbSpline
210
0.0
220
0.0
230
1.0
 70
     8
 71
     5
 72
    30
 73
    24
 74
     0
 42
0.000000001
 43
0.0000000001
 40
0.0
 40
0.0
 40
0.0
 40
0.0
 40
0.0
 40
0.0
 40
0.0627814224130588
 40
0.0627814224130588
 40
0.0627814224130588
 40
0.2189874869192592
 40
0.2189874869192592
 40
0.2189874869192592
 40
0.3751991246560045
 40
0.3751991246560045
 40
0.3751991246560045
 40
0.5314028348277893
 40
0.5314028348277893
 40
0.5314028348277893
 40
0.6876112176399805
 40
0.6876112176399805
 40
0.6876112176399805
 40
0.8438125030596639
 40
0.8438125030596639
 40
0.8438125030596639
 40
1.0
 40
1.0
 40
1.0
 40
1.0
 40
1.0
 40
1.0
 10
114.0
 20
121.0
 30
0.0
 10
114.0
 20
121.631108776
 30
0.0
 10
113.9688829461
 20
122.262217482
 30
0.0
 10
113.9063379961
 20
122.89382598
 30
0.0
 10
113.5810342008
 20
125.073723121
 30
0.0
 10
112.8844736959
 20
127.179368629
 30
0.0
 10
112.2048515726
 20
128.61285798
 30
0.0
 10
110.5080536993
 20
131.283527839
 30
0.0
 10
108.2159272698
 20
133.464778528
 30
0.0
 10
106.9411190247
 20
134.4086146240001
 30
0.0
 10
104.1859272373
 20
135.9643567854
 30
0.0
 10
101.1364266084
 20
136.8081319146
 30
0.0
 10
99.5673549963
 20
137.0399158117
 30
0.0
 10
96.4041526483
 20
137.1138260371
 30
0.0
 10
93.3169170852
 20
136.4208377975
 30
0.0
 10
91.82345531050001
 20
135.885649539
 30
0.0
 10
88.9987063819
 20
134.4602065940001
 30
0.0
 10
86.6022899635
 20
132.3942302900001
 30
0.0
 10
85.5373165947
 20
131.218479087
 30
0.0
 10
83.7179050643
 20
128.6301561500001
 30
0.0
 10
82.57793677699999
 20
125.678853804
 30
0.0
 10
82.19258776800001
 20
124.14014187
 30
0.0
 10
82.0
 20
122.570071148
 30
0.0
 10
82.0
 20
121.0
 30
0.0
  0
SPLINE
  5
E3
330
1F
100
AcDbEntity
  8
5
  6
Continuous
 62
   163
370
    18
100
AcDbSpline
210
0.0
220
0.0
230
1.0
 70
     8
 71
     5
 72
    12
 73
     6
 74
     0
 42
0.000000001
 43
0.0000000001
 40
0.0
 40
0.0
 40
0.0
 40
0.0
 40
0.0
 40
0.0
 40
1.0
 40
1.0
 40
1.0
 40
1.0
 40
1.0
 40
1.0
 10
303.8
 20
69.60000000000002
 30
0.0
 10
303.8
 20
69.44292036700003
 30
0.0
 10
303.737129252
 20
69.28433093200002
 30
0.0
 10
303.615669068
 20
69.16287074800002
 30
0.0
 10
303.457079633
 20
69.1
 30
0.0
 10
303.3
 20
69.1
 30
0.0
  0
SPLINE
  5
E4
330
1F
100
AcDbEntity
  8
5
  6
Continuous
 62
   163
370
    18
100
AcDbSpline
210
0.0
220
0.0
230
1.0
 70
     8
 71
     5
 72
    12
 73
     6
 74
     0
 42
0.000000001
 43
0.0000000001
 40
0.0
 40
0.0
 40
0.0
 40
0.0
 40
0.0
 40
0.0
 40
1.0
 40
1.0
 40
1.0
 40
1.0
 40
1.0
 40
1.0
 10
238.0
 20
82.12848663400004
 30
0.0
 10
238.0
 20
79.88455662200002
 30
0.0
 10
237.894794942
 20
77.64064943500003
 30
0.0
 10
237.684994741
 20
75.40326941800004
 30
0.0
 10
237.371209313
 20
73.17892091300004
 30
0.0
 10
236.954048573
 20
70.97410826500004
 30
0.0
  0
SPLINE
  5
E5
330
1F
100
AcDbEntity
  8
5
  6
Continuous
 62
   163
370
    18
100
AcDbSpline
210
0.0
220
0.0
230
1.0
 70
     8
 71
     4
 72
    10
 73
     5
 74
     0
 42
0.000000001
 43
0.0000000001
 40
0.0
 40
0.0
 40
0.0
 40
0.0
 40
0.0
 40
1.0
 40
1.0
 40
1.0
 40
1.0
 40
1.0
 10
3.0
 20
30.5
 30
0.0
 10
3.0
 20
30.69634954100002
 30
0.0
 10
3.10478458099999
 20
30.89521541900004
 30
0.0
 10
3.303650458999996
 20
31.0
 30
0.0
 10
3.5
 20
31.0
 30
0.0
  0
SPLINE
  5
E6
330
1F
100
AcDbEntity
  8
5
  6
Continuous
 62
   163
370
    18
100
AcDbSpline
210
0.0
220
0.0
230
1.0
 70
     8
 71
     5
 72
    12
 73
     6
 74
     0
 42
0.000000001
 43
0.0000000001
 40
0.0
 40
0.0
 40
0.0
 40
0.0
 40
0.0
 40
0.0
 40
1.0
 40
1.0
 40
1.0
 40
1.0
 40
1.0
 40
1.0
 10
259.0
 20
0.0
 30
0.0
 10
259.314159265
 20
0.0
 30
0.0
 10
259.631338136
 20
0.1257414970000355
 30
0.0
 10
259.874258503
 20
0.3686618640000177
 30
0.0
 10
260.0
 20
0.6858407349999993
 30
0.0
 10
260.0
 20
1.000000000000028
 30
0.0
  0
SPLINE
  5
E7
330
1F
100
AcDbEntity
  8
5
  6
Continuous
 62
   163
370
    18
100
AcDbSpline
210
0.0
220
0.0
230
1.0
 70
     8
 71
     4
 72
    10
 73
     5
 74
     0
 42
0.000000001
 43
0.0000000001
 40
0.0
 40
0.0
 40
0.0
 40
0.0
 40
0.0
 40
1.0
 40
1.0
 40
1.0
 40
1.0
 40
1.0
 10
26.99999999999999
 20
3.500000000000028
 30
0.0
 10
26.99999999999999
 20
3.303650459000039
 30
0.0
 10
26.895215419
 20
3.104784581000018
 30
0.0
 10
26.696349541
 20
3.000000000000028
 30
0.0
 10
26.49999999999999
 20
3.000000000000028
 30
0.0
  0
SPLINE
  5
E8
330
1F
100
AcDbEntity
  8
5
  6
Continuous
 62
   163
370
    18
100
AcDbSpline
210
0.0
220
0.0
230
1.0
 70
     8
 71
     5
 72
    30
 73
    24
 74
     0
 42
0.000000001
 43
0.0000000001
 40
0.0
 40
0.0
 40
0.0
 40
0.0
 40
0.0
 40
0.0
 40
0.1472221569440597
 40
0.1472221569440597
 40
0.1472221569440597
 40
0.2944602717539939
 40
0.2944602717539939
 40
0.2944602717539939
 40
0.441700114990904
 40
0.441700114990904
 40
0.441700114990904
 40
0.5889294388495974
 40
0.5889294388495974
 40
0.5889294388495974
 40
0.7361710278843524
 40
0.7361710278843524
 40
0.7361710278843524
 40
0.8834082089360042
 40
0.8834082089360042
 40
0.8834082089360042
 40
1.0
 40
1.0
 40
1.0
 40
1.0
 40
1.0
 40
1.0
 10
48.0
 20
18.00000000000003
 30
0.0
 10
48.0
 20
16.33497457300001
 30
0.0
 10
48.19252150649999
 20
14.66994952500002
 30
0.0
 10
48.57771990720001
 20
13.03449203800002
 30
0.0
 10
49.71908148129999
 20
9.882353909000017
 30
0.0
 10
51.5495839654
 20
7.073810561000016
 30
0.0
 10
52.6240206488
 20
5.78197533200003
 30
0.0
 10
55.0521659883
 20
3.470217151000043
 30
0.0
 10
57.9438777319
 20
1.773728320000004
 30
0.0
 10
59.48205245899999
 20
1.097078392000014
 30
0.0
 10
62.68651261319998
 20
0.1117618710000272
 30
0.0
 10
66.0312720821
 20
-0.1161763259999589
 30
0.0
 10
67.70964203930001
 20
-0.0353409079999665
 30
0.0
 10
71.0170256259
 20
0.5129962410000246
 30
0.0
 10
74.11202121379999
 20
1.801614454999992
 30
0.0
 10
75.57809878430001
 20
2.622891391000024
 30
0.0
 10
78.29338890689999
 20
4.589449858000023
 30
0.0
 10
80.4881300676
 20
7.123879071000033
 30
0.0
 10
81.4333496173
 20
8.512872119000036
 30
0.0
 10
82.8240976308
 20
11.17518608400002
 30
0.0
 10
83.6376987553
 20
14.05888895700002
 30
0.0
 10
83.879255086
 20
15.36278447199999
 30
0.0
 10
84.0
 20
16.68139211700003
 30
0.0
 10
84.0
 20
18.00000000000003
 30
0.0
  0
SPLINE
  5
E9
330
1F
100
AcDbEntity
  8
5
  6
Continuous
 62
   163
370
    18
100
AcDbSpline
210
0.0
220
0.0
230
1.0
 70
     8
 71
     5
 72
    27
 73
    21
 74
     0
 42
0.000000001
 43
0.0000000001
 40
0.0
 40
0.0
 40
0.0
 40
0.0
 40
0.0
 40
0.0
 40
0.1670028306511059
 40
0.1670028306511059
 40
0.1670028306511059
 40
0.3340197720742837
 40
0.3340197720742837
 40
0.3340197720742837
 40
0.5010464719536626
 40
0.5010464719536626
 40
0.5010464719536626
 40
0.6680680046542689
 40
0.6680680046542689
 40
0.6680680046542689
 40
0.8350848303717027
 40
0.8350848303717027
 40
0.8350848303717027
 40
1.0
 40
1.0
 40
1.0
 40
1.0
 40
1.0
 40
1.0
 10
84.0
 20
121.0
 30
0.0
 10
84.0
 20
122.468989077
 30
0.0
 10
84.19267222580001
 20
123.937977667
 30
0.0
 10
84.5782146678
 20
125.373445454
 30
0.0
 10
85.7163946467
 20
128.109405973
 30
0.0
 10
87.5216131311
 20
130.459316918
 30
0.0
 10
88.57440963030001
 20
131.5087345920001
 30
0.0
 10
90.93028119499999
 20
133.306519258
 30
0.0
 10
93.6701061271
 20
134.435934285
 30
0.0
 10
95.1070013878
 20
134.816854339
 30
0.0
 10
98.0466068951
 20
135.1926471530001
 30
0.0
 10
100.9836748969
 20
134.797549428
 30
0.0
 10
102.418021677
 20
134.407205133
 30
0.0
 10
105.1503337191
 20
133.259853509
 30
0.0
 10
107.4943214259
 20
131.446680827
 30
0.0
 10
108.5402088087
 20
130.390379696
 30
0.0
 10
110.3187859703
 20
128.043436753
 30
0.0
 10
111.4361560556
 20
125.319591116
 30
0.0
 10
111.8121147611
 20
123.901250742
 30
0.0
 10
112.0
 20
122.450625608
 30
0.0
 10
112.0
 20
121.0
 30
0.0
  0
SPLINE
  5
EA
330
1F
100
AcDbEntity
  8
5
  6
Continuous
 62
   163
370
    18
100
AcDbSpline
210
0.0
220
0.0
230
1.0
 70
     8
 71
     5
 72
    12
 73
     6
 74
     0
 42
0.000000001
 43
0.0000000001
 40
0.0
 40
0.0
 40
0.0
 40
0.0
 40
0.0
 40
0.0
 40
1.0
 40
1.0
 40
1.0
 40
1.0
 40
1.0
 40
1.0
 10
301.8
 20
59.10000000000002
 30
0.0
 10
301.8
 20
58.471681469
 30
0.0
 10
301.553969992
 20
57.84277671300001
 30
0.0
 10
301.0572232870001
 20
57.34603000800004
 30
0.0
 10
300.4283185310001
 20
57.10000000000002
 30
0.0
 10
299.8
 20
57.10000000000002
 30
0.0
  0
SPLINE
  5
EB
330
1F
100
AcDbEntity
  8
5
  6
Continuous
 62
   163
370
    18
100
AcDbSpline
210
0.0
220
0.0
230
1.0
 70
     8
 71
     4
 72
    10
 73
     5
 74
     0
 42
0.000000001
 43
0.0000000001
 40
0.0
 40
0.0
 40
0.0
 40
0.0
 40
0.0
 40
1.0
 40
1.0
 40
1.0
 40
1.0
 40
1.0
 10
26.49999999999999
 20
31.0
 30
0.0
 10
26.696349541
 20
31.0
 30
0.0
 10
26.895215419
 20
30.89521541900004
 30
0.0
 10
26.99999999999999
 20
30.69634954100002
 30
0.0
 10
26.99999999999999
 20
30.5
 30
0.0
  0
SPLINE
  5
EC
330
1F
100
AcDbEntity
  8
5
  6
Continuous
 62
   163
370
    18
100
AcDbSpline
210
0.0
220
0.0
230
1.0
 70
     8
 71
     5
 72
    12
 73
     6
 74
     0
 42
0.000000001
 43
0.0000000001
 40
0.0
 40
0.0
 40
0.0
 40
0.0
 40
0.0
 40
0.0
 40
1.0
 40
1.0
 40
1.0
 40
1.0
 40
1.0
 40
1.0
 10
305.653553391
 20
56.95355339100004
 30
0.0
 10
305.709089427
 20
57.00908942700002
 30
0.0
 10
305.775885536
 20
57.05302341000004
 30
0.0
 10
305.850268966
 20
57.08383403600004
 30
0.0
 10
305.928566965
 20
57.10000000000002
 30
0.0
 10
306.007106781
 20
57.10000000000002
 30
0.0
  0
SPLINE
  5
ED
330
1F
100
AcDbEntity
  8
5
  6
Continuous
 62
   163
370
    18
100
AcDbSpline
210
0.0
220
0.0
230
1.0
 70
     8
 71
     5
 72
    12
 73
     6
 74
     0
 42
0.000000001
 43
0.0000000001
 40
0.0
 40
0.0
 40
0.0
 40
0.0
 40
0.0
 40
0.0
 40
1.0
 40
1.0
 40
1.0
 40
1.0
 40
1.0
 40
1.0
 10
-46.007106781
 20
57.10000000000002
 30
0.0
 10
-45.92856696499999
 20
57.10000000000002
 30
0.0
 10
-45.85026896599999
 20
57.08383403600004
 30
0.0
 10
-45.775885536
 20
57.05302341000004
 30
0.0
 10
-45.70908942700001
 20
57.00908942700002
 30
0.0
 10
-45.653553391
 20
56.95355339100004
 30
0.0
  0
SPLINE
  5
EE
330
1F
100
AcDbEntity
  8
5
  6
Continuous
 62
   163
370
    18
100
AcDbSpline
210
0.0
220
0.0
230
1.0
 70
     8
 71
     4
 72
    10
 73
     5
 74
     0
 42
0.000000001
 43
0.0000000001
 40
0.0
 40
0.0
 40
0.0
 40
0.0
 40
0.0
 40
1.0
 40
1.0
 40
1.0
 40
1.0
 40
1.0
 10
256.5
 20
31.0
 30
0.0
 10
256.696349541
 20
31.0
 30
0.0
 10
256.895215419
 20
30.89521541900004
 30
0.0
 10
257.0
 20
30.69634954100002
 30
0.0
 10
257.0
 20
30.5
 30
0.0
  0
SPLINE
  5
EF
330
1F
100
AcDbEntity
  8
5
  6
Continuous
 62
   163
370
    18
100
AcDbSpline
210
0.0
220
0.0
230
1.0
 70
     8
 71
     5
 72
    12
 73
     6
 74
     0
 42
0.000000001
 43
0.0000000001
 40
0.0
 40
0.0
 40
0.0
 40
0.0
 40
0.0
 40
0.0
 40
1.0
 40
1.0
 40
1.0
 40
1.0
 40
1.0
 40
1.0
 10
30.0
 20
29.53146812700004
 30
0.0
 10
30.0
 20
31.40140980300004
 30
0.0
 10
29.912329118
 20
33.27133245800002
 30
0.0
 10
29.737495618
 20
35.13581580600004
 30
0.0
 10
29.47600776100001
 20
36.98943956100001
 30
0.0
 10
29.128373811
 20
38.82678343400002
 30
0.0
  0
SPLINE
  5
F0
330
1F
100
AcDbEntity
  8
5
  6
Continuous
 62
   163
370
    18
100
AcDbSpline
210
0.0
220
0.0
230
1.0
 70
     8
 71
     5
 72
    12
 73
     6
 74
     0
 42
0.000000001
 43
0.0000000001
 40
0.0
 40
0.0
 40
0.0
 40
0.0
 40
0.0
 40
0.0
 40
1.0
 40
1.0
 40
1.0
 40
1.0
 40
1.0
 40
1.0
 10
-47.80000000000001
 20
57.60000000000002
 30
0.0
 10
-47.80000000000001
 20
57.44292036700003
 30
0.0
 10
-47.73712925199999
 20
57.28433093200002
 30
0.0
 10
-47.61566906799999
 20
57.16287074800002
 30
0.0
 10
-47.45707963300001
 20
57.10000000000002
 30
0.0
 10
-47.30000000000001
 20
57.10000000000002
 30
0.0
  0
SPLINE
  5
F1
330
1F
100
AcDbEntity
  8
5
  6
Continuous
 62
   163
370
    18
100
AcDbSpline
210
0.0
220
0.0
230
1.0
 70
     8
 71
     5
 72
    12
 73
     6
 74
     0
 42
0.000000001
 43
0.0000000001
 40
0.0
 40
0.0
 40
0.0
 40
0.0
 40
0.0
 40
0.0
 40
1.0
 40
1.0
 40
1.0
 40
1.0
 40
1.0
 40
1.0
 10
307.3
 20
57.10000000000002
 30
0.0
 10
307.457079633
 20
57.10000000000002
 30
0.0
 10
307.615669068
 20
57.16287074800002
 30
0.0
 10
307.737129252
 20
57.28433093200002
 30
0.0
 10
307.8
 20
57.44292036700003
 30
0.0
 10
307.8
 20
57.60000000000002
 30
0.0
  0
SPLINE
  5
F2
330
1F
100
AcDbEntity
  8
5
  6
Continuous
 62
   163
370
    18
100
AcDbSpline
210
0.0
220
0.0
230
1.0
 70
     8
 71
     5
 72
    12
 73
     6
 74
     0
 42
0.000000001
 43
0.0000000001
 40
0.0
 40
0.0
 40
0.0
 40
0.0
 40
0.0
 40
0.0
 40
1.0
 40
1.0
 40
1.0
 40
1.0
 40
1.0
 40
1.0
 10
-3.0
 20
54.10000000000002
 30
0.0
 10
-2.057522204000009
 20
54.10000000000002
 30
0.0
 10
-1.114165070000013
 20
53.73095498800004
 30
0.0
 10
-0.369045012000015
 20
52.98583493000004
 30
0.0
 10
0.0
 20
52.04247779600001
 30
0.0
 10
0.0
 20
51.10000000000002
 30
0.0
  0
SPLINE
  5
F3
330
1F
100
AcDbEntity
  8
5
  6
Continuous
 62
   163
370
    18
100
AcDbSpline
210
0.0
220
0.0
230
1.0
 70
     8
 71
     5
 72
    12
 73
     6
 74
     0
 42
0.000000001
 43
0.0000000001
 40
0.0
 40
0.0
 40
0.0
 40
0.0
 40
0.0
 40
0.0
 40
1.0
 40
1.0
 40
1.0
 40
1.0
 40
1.0
 40
1.0
 10
25.74627735200001
 20
35.18590630599999
 30
0.0
 10
25.81163422
 20
34.840476752
 30
0.0
 10
25.72594097699999
 20
34.46583058300001
 30
0.0
 10
25.467452202
 20
34.15384847900003
 30
0.0
 10
25.11526797499999
 20
34.00000000000003
 30
0.0
 10
24.76370987599998
 20
34.00000000000003
 30
0.0
  0
SPLINE
  5
F4
330
1F
100
AcDbEntity
  8
5
  6
Continuous
 62
   163
370
    18
100
AcDbSpline
210
0.0
220
0.0
230
1.0
 70
     8
 71
     5
 72
    12
 73
     6
 74
     0
 42
0.000000001
 43
0.0000000001
 40
0.0
 40
0.0
 40
0.0
 40
0.0
 40
0.0
 40
0.0
 40
1.0
 40
1.0
 40
1.0
 40
1.0
 40
1.0
 40
1.0
 10
16.608990746
 20
79.10000000000002
 30
0.0
 10
16.88575117800001
 20
79.10000000000002
 30
0.0
 10
17.16422245899999
 20
79.00311742500003
 30
0.0
 10
17.393143479
 20
78.81344784700002
 30
0.0
 10
17.540106713
 20
78.55784210500002
 30
0.0
 10
17.591558222
 20
78.28590630600002
 30
0.0
  0
SPLINE
  5
F5
330
1F
100
AcDbEntity
  8
5
  6
Continuous
 62
   163
370
    18
100
AcDbSpline
210
0.0
220
0.0
230
1.0
 70
     8
 71
     5
 72
    12
 73
     6
 74
     0
 42
0.000000001
 43
0.0000000001
 40
0.0
 40
0.0
 40
0.0
 40
0.0
 40
0.0
 40
0.0
 40
1.0
 40
1.0
 40
1.0
 40
1.0
 40
1.0
 40
1.0
 10
0.0
 20
58.10000000000002
 30
0.0
 10
0.0
 20
57.78584073500002
 30
0.0
 10
-0.125741497000007
 20
57.46866186400004
 30
0.0
 10
-0.3686618639999892
 20
57.22574149700003
 30
0.0
 10
-0.6858407349999993
 20
57.10000000000002
 30
0.0
 10
-1.0
 20
57.10000000000002
 30
0.0
  0
SPLINE
  5
F6
330
1F
100
AcDbEntity
  8
5
  6
Continuous
 62
   163
370
    18
100
AcDbSpline
210
0.0
220
0.0
230
1.0
 70
     8
 71
     5
 72
    12
 73
     6
 74
     0
 42
0.000000001
 43
0.0000000001
 40
0.0
 40
0.0
 40
0.0
 40
0.0
 40
0.0
 40
0.0
 40
1.0
 40
1.0
 40
1.0
 40
1.0
 40
1.0
 40
1.0
 10
-41.80000000000001
 20
68.6
 30
0.0
 10
-41.80000000000001
 20
68.75707963300002
 30
0.0
 10
-41.86287074800001
 20
68.91566906800003
 30
0.0
 10
-41.98433093200001
 20
69.03712925200003
 30
0.0
 10
-42.14292036699999
 20
69.1
 30
0.0
 10
-42.30000000000001
 20
69.1
 30
0.0
  0
SPLINE
  5
F7
330
1F
100
AcDbEntity
  8
5
  6
Continuous
 62
   163
370
    18
100
AcDbSpline
210
0.0
220
0.0
230
1.0
 70
     8
 71
     5
 72
    12
 73
     6
 74
     0
 42
0.000000001
 43
0.0000000001
 40
0.0
 40
0.0
 40
0.0
 40
0.0
 40
0.0
 40
0.0
 40
1.0
 40
1.0
 40
1.0
 40
1.0
 40
1.0
 40
1.0
 10
302.592893219
 20
54.10000000000002
 30
0.0
 10
302.671433035
 20
54.10000000000002
 30
0.0
 10
302.749731034
 20
54.11616596400003
 30
0.0
 10
302.824114464
 20
54.14697659000001
 30
0.0
 10
302.890910573
 20
54.19091057300002
 30
0.0
 10
302.946446609
 20
54.24644660900003
 30
0.0
  0
SPLINE
  5
F8
330
1F
100
AcDbEntity
  8
5
  6
Continuous
 62
   163
370
    18
100
AcDbSpline
210
0.0
220
0.0
230
1.0
 70
     8
 71
     5
 72
    12
 73
     6
 74
     0
 42
0.000000001
 43
0.0000000001
 40
0.0
 40
0.0
 40
0.0
 40
0.0
 40
0.0
 40
0.0
 40
1.0
 40
1.0
 40
1.0
 40
1.0
 40
1.0
 40
1.0
 10
235.236290124
 20
34.00000000000003
 30
0.0
 10
234.884732025
 20
34.00000000000003
 30
0.0
 10
234.532547798
 20
34.15384847900003
 30
0.0
 10
234.274059023
 20
34.46583058300001
 30
0.0
 10
234.18836578
 20
34.840476752
 30
0.0
 10
234.253722648
 20
35.18590630599999
 30
0.0
  0
SPLINE
  5
F9
330
1F
100
AcDbEntity
  8
5
  6
Continuous
 62
   163
370
    18
100
AcDbSpline
210
0.0
220
0.0
230
1.0
 70
     8
 71
     5
 72
    12
 73
     6
 74
     0
 42
0.000000001
 43
0.0000000001
 40
0.0
 40
0.0
 40
0.0
 40
0.0
 40
0.0
 40
0.0
 40
1.0
 40
1.0
 40
1.0
 40
1.0
 40
1.0
 40
1.0
 10
0.0
 20
1.000000000000028
 30
0.0
 10
0.0
 20
0.6858407349999993
 30
0.0
 10
0.125741497000007
 20
0.3686618640000177
 30
0.0
 10
0.3686618639999892
 20
0.1257414970000355
 30
0.0
 10
0.6858407349999993
 20
0.0
 30
0.0
 10
1.0
 20
0.0
 30
0.0
  0
ENDSEC
  0
SECTION
  2
OBJECTS
  0
DICTIONARY
  5
C
330
0
100
AcDbDictionary
281
     1
  3
ACAD_DETAILVIEWSTYLE
350
156
  3
ACAD_GROUP
350
D
  3
ACAD_LAYOUT
350
1A
  3
ACAD_MATERIAL
350
43
  3
ACAD_MLEADERSTYLE
350
6B
  3
ACAD_MLINESTYLE
350
17
  3
ACAD_PLOTSETTINGS
350
19
  3
ACAD_PLOTSTYLENAME
350
E
  3
ACAD_SCALELIST
350
47
  3
ACAD_SECTIONVIEWSTYLE
350
157
  3
ACAD_TABLESTYLE
350
69
  3
ACAD_VISUALSTYLE
350
2A
  3
ACDB_RECOMPOSE_DATA
350
153
  3
AcDbVariableDictionary
350
113
  0
DICTIONARY
  5
111
330
8
100
AcDbDictionary
280
     1
281
     1
  3
ACAD_XREC_ROUNDTRIP
360
112
  0
DICTIONARY
  5
156
102
{ACAD_REACTORS
330
C
102
}
330
C
100
AcDbDictionary
281
     1
  0
DICTIONARY
  5
D
102
{ACAD_REACTORS
330
C
102
}
330
C
100
AcDbDictionary
281
     1
  0
DICTIONARY
  5
1A
102
{ACAD_REACTORS
330
C
102
}
330
C
100
AcDbDictionary
281
     1
  3
Layout1
350
1E
  3
Layout2
350
26
  3
Model
350
22
  0
DICTIONARY
  5
43
102
{ACAD_REACTORS
330
C
102
}
330
C
100
AcDbDictionary
281
     1
  3
ByBlock
350
45
  3
ByLayer
350
44
  3
Global
350
46
  0
DICTIONARY
  5
6B
102
{ACAD_REACTORS
330
C
102
}
330
C
100
AcDbDictionary
281
     1
  3
Standard
350
6C
  0
DICTIONARY
  5
17
102
{ACAD_REACTORS
330
C
102
}
330
C
100
AcDbDictionary
281
     1
  3
Standard
350
18
  0
DICTIONARY
  5
19
102
{ACAD_REACTORS
330
C
102
}
330
C
100
AcDbDictionary
281
     1
  0
ACDBDICTIONARYWDFLT
  5
E
102
{ACAD_REACTORS
330
C
102
}
330
C
100
AcDbDictionary
281
     1
  3
Normal
350
F
100
AcDbDictionaryWithDefault
340
F
  0
DICTIONARY
  5
47
102
{ACAD_REACTORS
330
C
102
}
330
C
100
AcDbDictionary
281
     1
  3
A0
350
48
  3
A1
350
49
  3
A2
350
4A
  3
A3
350
4B
  3
A4
350
4C
  3
A5
350
4D
  3
A6
350
4E
  3
A7
350
4F
  3
A8
350
50
  3
A9
350
51
  3
B0
350
52
  3
B1
350
53
  3
B2
350
54
  3
B3
350
55
  3
B4
350
56
  3
B5
350
57
  3
B6
350
58
  3
B7
350
59
  3
B8
350
5A
  3
B9
350
5B
  3
C0
350
5C
  3
C1
350
5D
  3
C2
350
5E
  3
C3
350
5F
  3
C4
350
60
  3
C5
350
61
  3
C6
350
62
  3
C7
350
63
  3
C8
350
64
  3
C9
350
65
  3
D0
350
66
  3
D1
350
67
  3
D2
350
68
  0
DICTIONARY
  5
157
102
{ACAD_REACTORS
330
C
102
}
330
C
100
AcDbDictionary
281
     1
  0
DICTIONARY
  5
69
102
{ACAD_REACTORS
330
C
102
}
330
C
100
AcDbDictionary
281
     1
  3
Standard
350
6A
  0
DICTIONARY
  5
2A
102
{ACAD_REACTORS
330
C
102
}
330
C
100
AcDbDictionary
281
     1
  3
2dWireframe
350
2F
  3
Basic
350
32
  3
Brighten
350
36
  3
ColorChange
350
3A
  3
Conceptual
350
34
  3
Dim
350
35
  3
EdgeColorOff
350
3D
  3
Facepattern
350
39
  3
Flat
350
2B
  3
FlatWithEdges
350
2C
  3
Gouraud
350
2D
  3
GouraudWithEdges
350
2E
  3
Hidden
350
31
  3
JitterOff
350
3B
  3
Linepattern
350
38
  3
OverhangOff
350
3C
  3
Realistic
350
33
  3
Shaded
350
42
  3
Shaded with edges
350
41
  3
Shades of Gray
350
3E
  3
Sketchy
350
3F
  3
Thicken
350
37
  3
Wireframe
350
30
  3
X-Ray
350
40
  0
XRECORD
  5
153
102
{ACAD_REACTORS
330
C
102
}
330
C
100
AcDbXrecord
280
     1
 90
        1
330
6A
  0
DICTIONARY
  5
113
102
{ACAD_REACTORS
330
C
102
}
330
C
100
AcDbDictionary
281
     1
  3
CANNOSCALE
350
114
  3
CMLEADERSTYLE
350
155
  3
CTABLESTYLE
350
154
  3
MSLTSCALE
350
115
  3
XCLIPFRAME
350
116
  0
XRECORD
  5
112
102
{ACAD_REACTORS
330
111
102
}
330
111
100
AcDbXrecord
280
     1
102
VTR_0.000_0.000_1.000_1.000_GRIDDISPLAY
 70
     3
102
VTR_0.000_0.000_1.000_1.000_GRIDMAJOR
 70
     5
102
VTR_0.000_0.000_1.000_1.000_DEFAULTLIGHTING
280
     1
102
VTR_0.000_0.000_1.000_1.000_DEFAULTLIGHTINGTYPE
 70
     1
102
VTR_0.000_0.000_1.000_1.000_BRIGHTNESS
141
0.0
102
VTR_0.000_0.000_1.000_1.000_CONTRAST
142
0.0
102
VTR_0.000_0.000_0.500_1.000_GRIDDISPLAY
 70
     3
102
VTR_0.000_0.000_0.500_1.000_GRIDMAJOR
 70
     5
102
VTR_0.000_0.000_0.500_1.000_DEFAULTLIGHTING
280
     1
102
VTR_0.000_0.000_0.500_1.000_DEFAULTLIGHTINGTYPE
 70
     1
102
VTR_0.000_0.000_0.500_1.000_BRIGHTNESS
141
0.0
102
VTR_0.000_0.000_0.500_1.000_CONTRAST
142
0.0
102
VTR_0.500_0.000_1.000_1.000_GRIDDISPLAY
 70
     3
102
VTR_0.500_0.000_1.000_1.000_GRIDMAJOR
 70
     5
102
VTR_0.500_0.000_1.000_1.000_DEFAULTLIGHTING
280
     1
102
VTR_0.500_0.000_1.000_1.000_DEFAULTLIGHTINGTYPE
 70
     1
102
VTR_0.500_0.000_1.000_1.000_BRIGHTNESS
141
0.0
102
VTR_0.500_0.000_1.000_1.000_CONTRAST
142
0.0
102
VTR_0.000_0.500_1.000_1.000_GRIDDISPLAY
 70
     3
102
VTR_0.000_0.500_1.000_1.000_GRIDMAJOR
 70
     5
102
VTR_0.000_0.500_1.000_1.000_DEFAULTLIGHTING
280
     1
102
VTR_0.000_0.500_1.000_1.000_DEFAULTLIGHTINGTYPE
 70
     1
102
VTR_0.000_0.500_1.000_1.000_BRIGHTNESS
141
0.0
102
VTR_0.000_0.500_1.000_1.000_CONTRAST
142
0.0
102
VTR_0.000_0.000_1.000_0.500_GRIDDISPLAY
 70
     3
102
VTR_0.000_0.000_1.000_0.500_GRIDMAJOR
 70
     5
102
VTR_0.000_0.000_1.000_0.500_DEFAULTLIGHTING
280
     1
102
VTR_0.000_0.000_1.000_0.500_DEFAULTLIGHTINGTYPE
 70
     1
102
VTR_0.000_0.000_1.000_0.500_BRIGHTNESS
141
0.0
102
VTR_0.000_0.000_1.000_0.500_CONTRAST
142
0.0
102
VTR_0.000_0.500_0.500_1.000_GRIDDISPLAY
 70
     3
102
VTR_0.000_0.500_0.500_1.000_GRIDMAJOR
 70
     5
102
VTR_0.000_0.500_0.500_1.000_DEFAULTLIGHTING
280
     1
102
VTR_0.000_0.500_0.500_1.000_DEFAULTLIGHTINGTYPE
 70
     1
102
VTR_0.000_0.500_0.500_1.000_BRIGHTNESS
141
0.0
102
VTR_0.000_0.500_0.500_1.000_CONTRAST
142
0.0
102
VTR_0.000_0.000_0.500_0.500_GRIDDISPLAY
 70
     3
102
VTR_0.000_0.000_0.500_0.500_GRIDMAJOR
 70
     5
102
VTR_0.000_0.000_0.500_0.500_DEFAULTLIGHTING
280
     1
102
VTR_0.000_0.000_0.500_0.500_DEFAULTLIGHTINGTYPE
 70
     1
102
VTR_0.000_0.000_0.500_0.500_BRIGHTNESS
141
0.0
102
VTR_0.000_0.000_0.500_0.500_CONTRAST
142
0.0
102
VTR_0.500_0.000_1.000_0.500_GRIDDISPLAY
 70
     3
102
VTR_0.500_0.000_1.000_0.500_GRIDMAJOR
 70
     5
102
VTR_0.500_0.000_1.000_0.500_DEFAULTLIGHTING
280
     1
102
VTR_0.500_0.000_1.000_0.500_DEFAULTLIGHTINGTYPE
 70
     1
102
VTR_0.500_0.000_1.000_0.500_BRIGHTNESS
141
0.0
102
VTR_0.500_0.000_1.000_0.500_CONTRAST
142
0.0
102
VTR_0.500_0.500_1.000_1.000_GRIDDISPLAY
 70
     3
102
VTR_0.500_0.500_1.000_1.000_GRIDMAJOR
 70
     5
102
VTR_0.500_0.500_1.000_1.000_DEFAULTLIGHTING
280
     1
102
VTR_0.500_0.500_1.000_1.000_DEFAULTLIGHTINGTYPE
 70
     1
102
VTR_0.500_0.500_1.000_1.000_BRIGHTNESS
141
0.0
102
VTR_0.500_0.500_1.000_1.000_CONTRAST
142
0.0
102
VTR_0.000_0.500_0.333_1.000_GRIDDISPLAY
 70
     3
102
VTR_0.000_0.500_0.333_1.000_GRIDMAJOR
 70
     5
102
VTR_0.000_0.500_0.333_1.000_DEFAULTLIGHTING
280
     1
102
VTR_0.000_0.500_0.333_1.000_DEFAULTLIGHTINGTYPE
 70
     1
102
VTR_0.000_0.500_0.333_1.000_BRIGHTNESS
141
0.0
102
VTR_0.000_0.500_0.333_1.000_CONTRAST
142
0.0
102
VTR_0.000_0.000_0.333_0.500_GRIDDISPLAY
 70
     3
102
VTR_0.000_0.000_0.333_0.500_GRIDMAJOR
 70
     5
102
VTR_0.000_0.000_0.333_0.500_DEFAULTLIGHTING
280
     1
102
VTR_0.000_0.000_0.333_0.500_DEFAULTLIGHTINGTYPE
 70
     1
102
VTR_0.000_0.000_0.333_0.500_BRIGHTNESS
141
0.0
102
VTR_0.000_0.000_0.333_0.500_CONTRAST
142
0.0
102
VTR_0.333_0.500_0.667_1.000_GRIDDISPLAY
 70
     3
102
VTR_0.333_0.500_0.667_1.000_GRIDMAJOR
 70
     5
102
VTR_0.333_0.500_0.667_1.000_DEFAULTLIGHTING
280
     1
102
VTR_0.333_0.500_0.667_1.000_DEFAULTLIGHTINGTYPE
 70
     1
102
VTR_0.333_0.500_0.667_1.000_BRIGHTNESS
141
0.0
102
VTR_0.333_0.500_0.667_1.000_CONTRAST
142
0.0
102
VTR_0.333_0.000_0.667_0.500_GRIDDISPLAY
 70
     3
102
VTR_0.333_0.000_0.667_0.500_GRIDMAJOR
 70
     5
102
VTR_0.333_0.000_0.667_0.500_DEFAULTLIGHTING
280
     1
102
VTR_0.333_0.000_0.667_0.500_DEFAULTLIGHTINGTYPE
 70
     1
102
VTR_0.333_0.000_0.667_0.500_BRIGHTNESS
141
0.0
102
VTR_0.333_0.000_0.667_0.500_CONTRAST
142
0.0
102
VTR_0.667_0.500_1.000_1.000_GRIDDISPLAY
 70
     3
102
VTR_0.667_0.500_1.000_1.000_GRIDMAJOR
 70
     5
102
VTR_0.667_0.500_1.000_1.000_DEFAULTLIGHTING
280
     1
102
VTR_0.667_0.500_1.000_1.000_DEFAULTLIGHTINGTYPE
 70
     1
102
VTR_0.667_0.500_1.000_1.000_BRIGHTNESS
141
0.0
102
VTR_0.667_0.500_1.000_1.000_CONTRAST
142
0.0
102
VTR_0.667_0.000_1.000_0.500_GRIDDISPLAY
 70
     3
102
VTR_0.667_0.000_1.000_0.500_GRIDMAJOR
 70
     5
102
VTR_0.667_0.000_1.000_0.500_DEFAULTLIGHTING
280
     1
102
VTR_0.667_0.000_1.000_0.500_DEFAULTLIGHTINGTYPE
 70
     1
102
VTR_0.667_0.000_1.000_0.500_BRIGHTNESS
141
0.0
102
VTR_0.667_0.000_1.000_0.500_CONTRAST
142
0.0
  0
LAYOUT
  5
1E
102
{ACAD_REACTORS
330
1A
102
}
330
1A
100
AcDbPlotSettings
  1

  2
none_device
  4

  6

 40
0.0
 41
0.0
 42
0.0
 43
0.0
 44
0.0
 45
0.0
 46
0.0
 47
0.0
 48
0.0
 49
0.0
140
0.0
141
0.0
142
1.0
143
1.0
 70
   688
 72
     0
 73
     0
 74
     5
  7

 75
    16
 76
     0
 77
     2
 78
   300
147
1.0
148
0.0
149
0.0
100
AcDbLayout
  1
Layout1
 70
     1
 71
     1
 10
-0.5
 20
-0.5
 11
5.0
 21
5.0
 12
0.0
 22
0.0
 32
0.0
 14
-0.5
 24
-0.5
 34
-0.5
 15
5.0
 25
5.0
 35
5.0
146
0.0
 13
0.0
 23
0.0
 33
0.0
 16
1.0
 26
0.0
 36
0.0
 17
0.0
 27
1.0
 37
0.0
 76
     0
330
1B
  0
LAYOUT
  5
26
102
{ACAD_REACTORS
330
1A
102
}
330
1A
100
AcDbPlotSettings
  1

  2
none_device
  4

  6

 40
0.0
 41
0.0
 42
0.0
 43
0.0
 44
0.0
 45
0.0
 46
0.0
 47
0.0
 48
0.0
 49
0.0
140
0.0
141
0.0
142
1.0
143
1.0
 70
   688
 72
     0
 73
     0
 74
     5
  7

 75
    16
 76
     0
 77
     2
 78
   300
147
1.0
148
0.0
149
0.0
100
AcDbLayout
  1
Layout2
 70
     1
 71
     2
 10
0.0
 20
0.0
 11
0.0
 21
0.0
 12
0.0
 22
0.0
 32
0.0
 14
0.0
 24
0.0
 34
0.0
 15
0.0
 25
0.0
 35
0.0
146
0.0
 13
0.0
 23
0.0
 33
0.0
 16
1.0
 26
0.0
 36
0.0
 17
0.0
 27
1.0
 37
0.0
 76
     0
330
23
  0
LAYOUT
  5
22
102
{ACAD_REACTORS
330
1A
102
}
330
1A
100
AcDbPlotSettings
  1

  2
none_device
  4
Letter_(8.50_x_11.00_Inches)
  6

 40
6.35
 41
6.35
 42
6.350005
 43
6.350005
 44
215.9
 45
279.4
 46
0.0
 47
0.0
 48
0.0
 49
0.0
140
0.0
141
0.0
142
1.0
143
1.0
 70
  1712
 72
     0
 73
     0
 74
     0
  7

 75
     0
 76
     0
 77
     2
 78
   300
147
1.0
148
0.0
149
0.0
100
AcDbLayout
  1
Model
 70
     1
 71
     0
 10
-0.5
 20
-0.5
 11
5.0
 21
5.0
 12
0.0
 22
0.0
 32
0.0
 14
-0.5
 24
-0.5
 34
-0.5
 15
5.0
 25
5.0
 35
5.0
146
0.0
 13
0.0
 23
0.0
 33
0.0
 16
1.0
 26
0.0
 36
0.0
 17
0.0
 27
1.0
 37
0.0
 76
     0
330
1F
331
29
  0
MATERIAL
  5
45
102
{ACAD_REACTORS
330
43
102
}
102
{ACAD_XDICTIONARY
360
149
102
}
330
43
100
AcDbMaterial
  1
ByBlock
  0
MATERIAL
  5
44
102
{ACAD_REACTORS
330
43
102
}
102
{ACAD_XDICTIONARY
360
147
102
}
330
43
100
AcDbMaterial
  1
ByLayer
  0
MATERIAL
  5
46
102
{ACAD_REACTORS
330
43
102
}
102
{ACAD_XDICTIONARY
360
14B
102
}
330
43
100
AcDbMaterial
  1
Global
  0
MLEADERSTYLE
  5
6C
102
{ACAD_REACTORS
330
6B
102
}
102
{ACAD_XDICTIONARY
360
151
102
}
330
6B
100
AcDbMLeaderStyle
170
     2
171
     1
172
     0
 90
        2
 40
0.0
 41
0.0
173
     1
 91
-1056964608
340
14
 92
       -2
290
     1
 42
0.09
291
     1
 43
0.36
  3
Standard
341
0
 44
0.18
300

342
11
174
     1
178
     6
175
     1
176
     0
 93
-1056964608
 45
0.18
292
     0
297
     0
 46
0.18
343
0
 94
-1056964608
 47
1.0
 49
1.0
140
1.0
293
     1
141
0.0
294
     1
177
     0
142
1.0
295
     0
296
     0
143
0.125
1001
ACAD_MLEADERVER
1070
     2
  0
MLINESTYLE
  5
18
102
{ACAD_REACTORS
330
17
102
}
330
17
100
AcDbMlineStyle
  2
Standard
 70
     0
  3

 62
   256
 51
90.0
 52
90.0
 71
     2
 49
0.5
 62
   256
  6
BYLAYER
 49
-0.5
 62
   256
  6
BYLAYER
  0
ACDBPLACEHOLDER
  5
F
102
{ACAD_REACTORS
330
E
102
}
330
E
  0
SCALE
  5
48
102
{ACAD_REACTORS
330
47
102
}
330
47
100
AcDbScale
 70
     0
300
1:1
140
1.0
141
1.0
290
     1
  0
SCALE
  5
49
102
{ACAD_REACTORS
330
47
102
}
330
47
100
AcDbScale
 70
     0
300
1:2
140
1.0
141
2.0
290
     0
  0
SCALE
  5
4A
102
{ACAD_REACTORS
330
47
102
}
330
47
100
AcDbScale
 70
     0
300
1:4
140
1.0
141
4.0
290
     0
  0
SCALE
  5
4B
102
{ACAD_REACTORS
330
47
102
}
330
47
100
AcDbScale
 70
     0
300
1:5
140
1.0
141
5.0
290
     0
  0
SCALE
  5
4C
102
{ACAD_REACTORS
330
47
102
}
330
47
100
AcDbScale
 70
     0
300
1:8
140
1.0
141
8.0
290
     0
  0
SCALE
  5
4D
102
{ACAD_REACTORS
330
47
102
}
330
47
100
AcDbScale
 70
     0
300
1:10
140
1.0
141
10.0
290
     0
  0
SCALE
  5
4E
102
{ACAD_REACTORS
330
47
102
}
330
47
100
AcDbScale
 70
     0
300
1:16
140
1.0
141
16.0
290
     0
  0
SCALE
  5
4F
102
{ACAD_REACTORS
330
47
102
}
330
47
100
AcDbScale
 70
     0
300
1:20
140
1.0
141
20.0
290
     0
  0
SCALE
  5
50
102
{ACAD_REACTORS
330
47
102
}
330
47
100
AcDbScale
 70
     0
300
1:30
140
1.0
141
30.0
290
     0
  0
SCALE
  5
51
102
{ACAD_REACTORS
330
47
102
}
330
47
100
AcDbScale
 70
     0
300
1:40
140
1.0
141
40.0
290
     0
  0
SCALE
  5
52
102
{ACAD_REACTORS
330
47
102
}
330
47
100
AcDbScale
 70
     0
300
1:50
140
1.0
141
50.0
290
     0
  0
SCALE
  5
53
102
{ACAD_REACTORS
330
47
102
}
330
47
100
AcDbScale
 70
     0
300
1:100
140
1.0
141
100.0
290
     0
  0
SCALE
  5
54
102
{ACAD_REACTORS
330
47
102
}
330
47
100
AcDbScale
 70
     0
300
2:1
140
2.0
141
1.0
290
     0
  0
SCALE
  5
55
102
{ACAD_REACTORS
330
47
102
}
330
47
100
AcDbScale
 70
     0
300
4:1
140
4.0
141
1.0
290
     0
  0
SCALE
  5
56
102
{ACAD_REACTORS
330
47
102
}
330
47
100
AcDbScale
 70
     0
300
8:1
140
8.0
141
1.0
290
     0
  0
SCALE
  5
57
102
{ACAD_REACTORS
330
47
102
}
330
47
100
AcDbScale
 70
     0
300
10:1
140
10.0
141
1.0
290
     0
  0
SCALE
  5
58
102
{ACAD_REACTORS
330
47
102
}
330
47
100
AcDbScale
 70
     0
300
100:1
140
100.0
141
1.0
290
     0
  0
SCALE
  5
59
102
{ACAD_REACTORS
330
47
102
}
330
47
100
AcDbScale
 70
     0
300
1/128" = 1'-0"
140
0.007812
141
12.0
290
     0
  0
SCALE
  5
5A
102
{ACAD_REACTORS
330
47
102
}
330
47
100
AcDbScale
 70
     0
300
1/64" = 1'-0"
140
0.015625
141
12.0
290
     0
  0
SCALE
  5
5B
102
{ACAD_REACTORS
330
47
102
}
330
47
100
AcDbScale
 70
     0
300
1/32" = 1'-0"
140
0.03125
141
12.0
290
     0
  0
SCALE
  5
5C
102
{ACAD_REACTORS
330
47
102
}
330
47
100
AcDbScale
 70
     0
300
1/16" = 1'-0"
140
0.0625
141
12.0
290
     0
  0
SCALE
  5
5D
102
{ACAD_REACTORS
330
47
102
}
330
47
100
AcDbScale
 70
     0
300
3/32" = 1'-0"
140
0.09375
141
12.0
290
     0
  0
SCALE
  5
5E
102
{ACAD_REACTORS
330
47
102
}
330
47
100
AcDbScale
 70
     0
300
1/8" = 1'-0"
140
0.125
141
12.0
290
     0
  0
SCALE
  5
5F
102
{ACAD_REACTORS
330
47
102
}
330
47
100
AcDbScale
 70
     0
300
3/16" = 1'-0"
140
0.1875
141
12.0
290
     0
  0
SCALE
  5
60
102
{ACAD_REACTORS
330
47
102
}
330
47
100
AcDbScale
 70
     0
300
1/4" = 1'-0"
140
0.25
141
12.0
290
     0
  0
SCALE
  5
61
102
{ACAD_REACTORS
330
47
102
}
330
47
100
AcDbScale
 70
     0
300
3/8" = 1'-0"
140
0.375
141
12.0
290
     0
  0
SCALE
  5
62
102
{ACAD_REACTORS
330
47
102
}
330
47
100
AcDbScale
 70
     0
300
1/2" = 1'-0"
140
0.5
141
12.0
290
     0
  0
SCALE
  5
63
102
{ACAD_REACTORS
330
47
102
}
330
47
100
AcDbScale
 70
     0
300
3/4" = 1'-0"
140
0.75
141
12.0
290
     0
  0
SCALE
  5
64
102
{ACAD_REACTORS
330
47
102
}
330
47
100
AcDbScale
 70
     0
300
1" = 1'-0"
140
1.0
141
12.0
290
     0
  0
SCALE
  5
65
102
{ACAD_REACTORS
330
47
102
}
330
47
100
AcDbScale
 70
     0
300
1-1/2" = 1'-0"
140
1.5
141
12.0
290
     0
  0
SCALE
  5
66
102
{ACAD_REACTORS
330
47
102
}
330
47
100
AcDbScale
 70
     0
300
3" = 1'-0"
140
3.0
141
12.0
290
     0
  0
SCALE
  5
67
102
{ACAD_REACTORS
330
47
102
}
330
47
100
AcDbScale
 70
     0
300
6" = 1'-0"
140
6.0
141
12.0
290
     0
  0
SCALE
  5
68
102
{ACAD_REACTORS
330
47
102
}
330
47
100
AcDbScale
 70
     0
300
1'-0" = 1'-0"
140
12.0
141
12.0
290
     0
  0
TABLESTYLE
  5
6A
102
{ACAD_REACTORS
330
69
102
}
102
{ACAD_XDICTIONARY
360
14D
102
}
330
69
100
AcDbTableStyle
  3
Standard
 70
     0
 71
     0
 40
0.06
 41
0.06
280
     0
281
     0
  7
Standard
140
0.18
170
     2
 62
     0
 63
   257
283
     0
274
    -2
284
     1
 64
     0
275
    -2
285
     1
 65
     0
276
    -2
286
     1
 66
     0
277
    -2
287
     1
 67
     0
278
    -2
288
     1
 68
     0
279
    -2
289
     1
 69
     0
  7
Standard
140
0.25
170
     5
 62
     0
 63
   257
283
     0
274
    -2
284
     1
 64
     0
275
    -2
285
     1
 65
     0
276
    -2
286
     1
 66
     0
277
    -2
287
     1
 67
     0
278
    -2
288
     1
 68
     0
279
    -2
289
     1
 69
     0
  7
Standard
140
0.18
170
     5
 62
     0
 63
   257
283
     0
274
    -2
284
     1
 64
     0
275
    -2
285
     1
 65
     0
276
    -2
286
     1
 66
     0
277
    -2
287
     1
 67
     0
278
    -2
288
     1
 68
     0
279
    -2
289
     1
 69
     0
  0
VISUALSTYLE
  5
2F
102
{ACAD_REACTORS
330
2A
102
}
102
{ACAD_XDICTIONARY
360
11F
102
}
330
2A
100
AcDbVisualStyle
  2
2dWireframe
 70
     4
 71
     0
 72
     2
 73
     0
 90
        0
 40
0.6
 41
30.0
 62
     5
 63
     7
421
 16777215
 74
     1
 91
        4
 64
     7
 65
   257
 75
     1
175
     1
 42
1.0
 92
        0
 66
   257
 43
1.0
 76
     1
 77
     6
 78
     2
 67
     7
 79
     5
170
     0
171
     0
290
     0
174
     0
 93
        1
 44
0.0
173
     0
291
     0
 45
0.0
1001
ACAD
1000
AcDbSavedByObjectVersion
1070
     0
  0
VISUALSTYLE
  5
32
102
{ACAD_REACTORS
330
2A
102
}
102
{ACAD_XDICTIONARY
360
125
102
}
330
2A
100
AcDbVisualStyle
  2
Basic
 70
     7
 71
     1
 72
     0
 73
     1
 90
        0
 40
0.6
 41
30.0
 62
     5
 63
     7
421
 16777215
 74
     0
 91
        4
 64
     7
 65
   257
 75
     1
175
     1
 42
1.0
 92
        8
 66
     7
 43
1.0
 76
     1
 77
     6
 78
     2
 67
     7
 79
     5
170
     0
171
     0
290
     0
174
     0
 93
        1
 44
0.0
173
     0
291
     1
 45
0.0
1001
ACAD
1000
AcDbSavedByObjectVersion
1070
     0
  0
VISUALSTYLE
  5
36
102
{ACAD_REACTORS
330
2A
102
}
102
{ACAD_XDICTIONARY
360
12D
102
}
330
2A
100
AcDbVisualStyle
  2
Brighten
 70
    12
 71
     2
 72
     2
 73
     0
 90
        0
 40
0.6
 41
30.0
 62
     5
 63
     7
421
 16777215
 74
     1
 91
        4
 64
     7
 65
   257
 75
     1
175
     1
 42
1.0
 92
        8
 66
     7
 43
1.0
 76
     1
 77
     6
 78
     2
 67
     7
 79
     5
170
     0
171
     0
290
     0
174
     0
 93
        1
 44
50.0
173
     0
291
     1
 45
0.0
1001
ACAD
1000
AcDbSavedByObjectVersion
1070
     0
  0
VISUALSTYLE
  5
3A
102
{ACAD_REACTORS
330
2A
102
}
102
{ACAD_XDICTIONARY
360
135
102
}
330
2A
100
AcDbVisualStyle
  2
ColorChange
 70
    16
 71
     2
 72
     2
 73
     3
 90
        0
 40
0.6
 41
30.0
 62
     5
 63
     8
421
  8421504
 74
     1
 91
        4
 64
     7
 65
   257
 75
     1
175
     1
 42
1.0
 92
        8
 66
     8
424
  8421504
 43
1.0
 76
     1
 77
     6
 78
     2
 67
     7
 79
     5
170
     0
171
     0
290
     0
174
     0
 93
        1
 44
0.0
173
     0
291
     1
 45
0.0
1001
ACAD
1000
AcDbSavedByObjectVersion
1070
     0
  0
VISUALSTYLE
  5
34
102
{ACAD_REACTORS
330
2A
102
}
102
{ACAD_XDICTIONARY
360
129
102
}
330
2A
100
AcDbVisualStyle
  2
Conceptual
 70
     9
 71
     3
 72
     2
 73
     0
 90
        0
 40
0.6
 41
30.0
 62
     5
 63
     7
421
 16777215
 74
     2
 91
        2
 64
     7
 65
   257
 75
     1
175
     1
 42
179.0
 92
        8
 66
     7
 43
1.0
 76
     1
 77
     6
 78
     2
 67
     7
 79
     3
170
     0
171
     0
290
     0
174
     0
 93
        1
 44
0.0
173
     0
291
     0
 45
0.0
1001
ACAD
1000
AcDbSavedByObjectVersion
1070
     0
  0
VISUALSTYLE
  5
35
102
{ACAD_REACTORS
330
2A
102
}
102
{ACAD_XDICTIONARY
360
12B
102
}
330
2A
100
AcDbVisualStyle
  2
Dim
 70
    11
 71
     2
 72
     2
 73
     0
 90
        0
 40
0.6
 41
30.0
 62
     5
 63
     7
421
 16777215
 74
     1
 91
        4
 64
     7
 65
   257
 75
     1
175
     1
 42
1.0
 92
        8
 66
     7
 43
1.0
 76
     1
 77
     6
 78
     2
 67
     7
 79
     5
170
     0
171
     0
290
     0
174
     0
 93
        1
 44
-50.0
173
     0
291
     1
 45
0.0
1001
ACAD
1000
AcDbSavedByObjectVersion
1070
     0
  0
VISUALSTYLE
  5
3D
102
{ACAD_REACTORS
330
2A
102
}
102
{ACAD_XDICTIONARY
360
13B
102
}
330
2A
100
AcDbVisualStyle
  2
EdgeColorOff
 70
    22
 71
     2
 72
     2
 73
     0
 90
        0
 40
0.6
 41
30.0
 62
     5
 63
     7
421
 16777215
 74
     1
 91
        4
 64
     7
 65
   257
 75
     1
175
     1
 42
1.0
 92
        8
 66
     7
 43
1.0
 76
     1
 77
     6
 78
     2
 67
     7
 79
     5
170
     0
171
     0
290
     0
174
     0
 93
        1
 44
0.0
173
     0
291
     1
 45
0.0
1001
ACAD
1000
AcDbSavedByObjectVersion
1070
     0
  0
VISUALSTYLE
  5
39
102
{ACAD_REACTORS
330
2A
102
}
102
{ACAD_XDICTIONARY
360
133
102
}
330
2A
100
AcDbVisualStyle
  2
Facepattern
 70
    15
 71
     2
 72
     2
 73
     0
 90
        0
 40
0.6
 41
30.0
 62
     5
 63
     7
421
 16777215
 74
     1
 91
        4
 64
     7
 65
   257
 75
     1
175
     1
 42
1.0
 92
        8
 66
     7
 43
1.0
 76
     1
 77
     6
 78
     2
 67
     7
 79
     5
170
     0
171
     0
290
     0
174
     0
 93
        1
 44
0.0
173
     0
291
     1
 45
0.0
1001
ACAD
1000
AcDbSavedByObjectVersion
1070
     0
  0
VISUALSTYLE
  5
2B
102
{ACAD_REACTORS
330
2A
102
}
102
{ACAD_XDICTIONARY
360
117
102
}
330
2A
100
AcDbVisualStyle
  2
Flat
 70
     0
 71
     2
 72
     1
 73
     1
 90
        2
 40
0.6
 41
30.0
 62
     5
 63
     7
421
 16777215
 74
     0
 91
        0
 64
     7
 65
   257
 75
     1
175
     1
 42
1.0
 92
        8
 66
     7
 43
1.0
 76
     1
 77
     6
 78
     2
 67
     7
 79
     5
170
     0
171
     0
290
     0
174
     0
 93
       13
 44
0.0
173
     0
291
     1
 45
0.0
1001
ACAD
1000
AcDbSavedByObjectVersion
1070
     0
  0
VISUALSTYLE
  5
2C
102
{ACAD_REACTORS
330
2A
102
}
102
{ACAD_XDICTIONARY
360
119
102
}
330
2A
100
AcDbVisualStyle
  2
FlatWithEdges
 70
     1
 71
     2
 72
     1
 73
     1
 90
        2
 40
0.6
 41
30.0
 62
     5
 63
     7
421
 16777215
 74
     1
 91
        0
 64
     7
 65
   257
 75
     1
175
     1
 42
1.0
 92
        0
 66
   257
 43
1.0
 76
     1
 77
     6
 78
     2
 67
     7
 79
     5
170
     0
171
     0
290
     0
174
     0
 93
       13
 44
0.0
173
     0
291
     1
 45
0.0
1001
ACAD
1000
AcDbSavedByObjectVersion
1070
     0
  0
VISUALSTYLE
  5
2D
102
{ACAD_REACTORS
330
2A
102
}
102
{ACAD_XDICTIONARY
360
11B
102
}
330
2A
100
AcDbVisualStyle
  2
Gouraud
 70
     2
 71
     2
 72
     2
 73
     1
 90
        2
 40
0.6
 41
30.0
 62
     5
 63
     7
421
 16777215
 74
     0
 91
        0
 64
     7
 65
   257
 75
     1
175
     1
 42
1.0
 92
        0
 66
     7
 43
1.0
 76
     1
 77
     6
 78
     2
 67
     7
 79
     5
170
     0
171
     0
290
     0
174
     0
 93
       13
 44
0.0
173
     0
291
     1
 45
0.0
1001
ACAD
1000
AcDbSavedByObjectVersion
1070
     0
  0
VISUALSTYLE
  5
2E
102
{ACAD_REACTORS
330
2A
102
}
102
{ACAD_XDICTIONARY
360
11D
102
}
330
2A
100
AcDbVisualStyle
  2
GouraudWithEdges
 70
     3
 71
     2
 72
     2
 73
     1
 90
        2
 40
0.6
 41
30.0
 62
     5
 63
     7
421
 16777215
 74
     1
 91
        0
 64
     7
 65
   257
 75
     1
175
     1
 42
1.0
 92
        0
 66
   257
 43
1.0
 76
     1
 77
     6
 78
     2
 67
     7
 79
     5
170
     0
171
     0
290
     0
174
     0
 93
       13
 44
0.0
173
     0
291
     1
 45
0.0
1001
ACAD
1000
AcDbSavedByObjectVersion
1070
     0
  0
VISUALSTYLE
  5
31
102
{ACAD_REACTORS
330
2A
102
}
102
{ACAD_XDICTIONARY
360
123
102
}
330
2A
100
AcDbVisualStyle
  2
Hidden
 70
     6
 71
     1
 72
     2
 73
     2
 90
        0
 40
0.6
 41
30.0
 62
     5
 63
     7
421
 16777215
 74
     2
 91
        2
 64
     7
 65
   257
 75
     2
175
     1
 42
40.0
 92
        0
 66
   257
 43
1.0
 76
     1
 77
     6
 78
     2
 67
     7
 79
     3
170
     0
171
     0
290
     0
174
     0
 93
        1
 44
0.0
173
     0
291
     0
 45
0.0
1001
ACAD
1000
AcDbSavedByObjectVersion
1070
     0
  0
VISUALSTYLE
  5
3B
102
{ACAD_REACTORS
330
2A
102
}
102
{ACAD_XDICTIONARY
360
137
102
}
330
2A
100
AcDbVisualStyle
  2
JitterOff
 70
    20
 71
     2
 72
     2
 73
     0
 90
        0
 40
0.6
 41
30.0
 62
     5
 63
     7
421
 16777215
 74
     1
 91
        4
 64
     7
 65
   257
 75
     1
175
     1
 42
1.0
 92
       10
 66
     7
 43
1.0
 76
     1
 77
     6
 78
     2
 67
     7
 79
     5
170
     0
171
     0
290
     0
174
     0
 93
        1
 44
0.0
173
     0
291
     1
 45
0.0
1001
ACAD
1000
AcDbSavedByObjectVersion
1070
     0
  0
VISUALSTYLE
  5
38
102
{ACAD_REACTORS
330
2A
102
}
102
{ACAD_XDICTIONARY
360
131
102
}
330
2A
100
AcDbVisualStyle
  2
Linepattern
 70
    14
 71
     2
 72
     2
 73
     0
 90
        0
 40
0.6
 41
30.0
 62
     5
 63
     7
421
 16777215
 74
     1
 91
        4
 64
     7
 65
   257
 75
     7
175
     7
 42
1.0
 92
        8
 66
     7
 43
1.0
 76
     1
 77
     6
 78
     2
 67
     7
 79
     5
170
     0
171
     0
290
     0
174
     0
 93
        1
 44
0.0
173
     0
291
     1
 45
0.0
1001
ACAD
1000
AcDbSavedByObjectVersion
1070
     0
  0
VISUALSTYLE
  5
3C
102
{ACAD_REACTORS
330
2A
102
}
102
{ACAD_XDICTIONARY
360
139
102
}
330
2A
100
AcDbVisualStyle
  2
OverhangOff
 70
    21
 71
     2
 72
     2
 73
     0
 90
        0
 40
0.6
 41
30.0
 62
     5
 63
     7
421
 16777215
 74
     1
 91
        4
 64
     7
 65
   257
 75
     1
175
     1
 42
1.0
 92
        9
 66
     7
 43
1.0
 76
     1
 77
     6
 78
     2
 67
     7
 79
     5
170
     0
171
     0
290
     0
174
     0
 93
        1
 44
0.0
173
     0
291
     1
 45
0.0
1001
ACAD
1000
AcDbSavedByObjectVersion
1070
     0
  0
VISUALSTYLE
  5
33
102
{ACAD_REACTORS
330
2A
102
}
102
{ACAD_XDICTIONARY
360
127
102
}
330
2A
100
AcDbVisualStyle
  2
Realistic
 70
     8
 71
     2
 72
     3
 73
     0
 90
        2
 40
0.6
 41
30.0
 62
     5
 63
     7
421
 16777215
 74
     0
 91
        0
 64
     7
 65
   257
 75
     1
175
     1
 42
1.0
 92
        8
 66
   257
 43
1.0
 76
     1
 77
     6
 78
     2
 67
     7
 79
     3
170
     0
171
     0
290
     0
174
     0
 93
       13
 44
0.0
173
     0
291
     0
 45
0.0
1001
ACAD
1000
AcDbSavedByObjectVersion
1070
     0
  0
VISUALSTYLE
  5
42
102
{ACAD_REACTORS
330
2A
102
}
102
{ACAD_XDICTIONARY
360
145
102
}
330
2A
100
AcDbVisualStyle
  2
Shaded
 70
    27
 71
     2
 72
     2
 73
     1
 90
        2
 40
0.6
 41
30.0
 62
     5
 63
     7
421
 16777215
 74
     0
 91
        4
 64
     7
 65
   257
 75
     1
175
     1
 42
1.0
 92
        8
 66
   257
 43
1.0
 76
     1
 77
     6
 78
     2
 67
     8
425
  7895160
 79
     3
170
     0
171
     0
290
     0
174
     0
 93
        5
 44
0.0
173
     0
291
     0
 45
0.0
1001
ACAD
1000
AcDbSavedByObjectVersion
1070
     0
  0
VISUALSTYLE
  5
41
102
{ACAD_REACTORS
330
2A
102
}
102
{ACAD_XDICTIONARY
360
143
102
}
330
2A
100
AcDbVisualStyle
  2
Shaded with edges
 70
    26
 71
     2
 72
     2
 73
     1
 90
        2
 40
0.6
 41
30.0
 62
     5
 63
     7
421
 16777215
 74
     1
 91
       10
 64
     7
 65
   257
 75
     2
175
     1
 42
1.0
 92
        8
 66
   257
 43
1.0
 76
     1
 77
     6
 78
     2
 67
     7
 79
     3
170
     0
171
     0
290
     0
174
     0
 93
        5
 44
0.0
173
     0
291
     0
 45
0.0
1001
ACAD
1000
AcDbSavedByObjectVersion
1070
     0
  0
VISUALSTYLE
  5
3E
102
{ACAD_REACTORS
330
2A
102
}
102
{ACAD_XDICTIONARY
360
13D
102
}
330
2A
100
AcDbVisualStyle
  2
Shades of Gray
 70
    23
 71
     2
 72
     2
 73
     3
 90
        0
 40
0.6
 41
30.0
 62
     5
 63
     7
421
 16777215
 74
     2
 91
        2
 64
     7
 65
     7
 75
     1
175
     1
 42
40.0
 92
        8
 66
     7
 43
1.0
 76
     1
 77
     6
 78
     2
 67
     7
 79
     3
170
     0
171
     0
290
     0
174
     0
 93
        1
 44
0.0
173
     0
291
     0
 45
0.0
1001
ACAD
1000
AcDbSavedByObjectVersion
1070
     0
  0
VISUALSTYLE
  5
3F
102
{ACAD_REACTORS
330
2A
102
}
102
{ACAD_XDICTIONARY
360
13F
102
}
330
2A
100
AcDbVisualStyle
  2
Sketchy
 70
    24
 71
     1
 72
     2
 73
     2
 90
        0
 40
0.6
 41
30.0
 62
     5
 63
     7
421
 16777215
 74
     2
 91
        2
 64
     7
 65
     7
 75
     1
175
     1
 42
40.0
 92
       11
 66
     7
 43
1.0
 76
     1
 77
     6
 78
     2
 67
     7
 79
     6
170
     0
171
     0
290
     0
174
     0
 93
        1
 44
0.0
173
     0
291
     0
 45
0.0
1001
ACAD
1000
AcDbSavedByObjectVersion
1070
     0
  0
VISUALSTYLE
  5
37
102
{ACAD_REACTORS
330
2A
102
}
102
{ACAD_XDICTIONARY
360
12F
102
}
330
2A
100
AcDbVisualStyle
  2
Thicken
 70
    13
 71
     2
 72
     2
 73
     0
 90
        0
 40
0.6
 41
30.0
 62
     5
 63
     7
421
 16777215
 74
     1
 91
        4
 64
     7
 65
   257
 75
     1
175
     1
 42
1.0
 92
       12
 66
     7
 43
1.0
 76
     1
 77
     6
 78
     2
 67
     7
 79
     5
170
     0
171
     0
290
     0
174
     0
 93
        1
 44
0.0
173
     0
291
     1
 45
0.0
1001
ACAD
1000
AcDbSavedByObjectVersion
1070
     0
  0
VISUALSTYLE
  5
30
102
{ACAD_REACTORS
330
2A
102
}
102
{ACAD_XDICTIONARY
360
121
102
}
330
2A
100
AcDbVisualStyle
  2
Wireframe
 70
     5
 71
     0
 72
     2
 73
     0
 90
        0
 40
0.6
 41
30.0
 62
     5
 63
     7
421
 16777215
 74
     1
 91
        4
 64
     7
 65
   257
 75
     1
175
     1
 42
1.0
 92
        0
 66
   257
 43
1.0
 76
     1
 77
     6
 78
     2
 67
     7
 79
     3
170
     0
171
     0
290
     0
174
     0
 93
        1
 44
0.0
173
     0
291
     0
 45
0.0
1001
ACAD
1000
AcDbSavedByObjectVersion
1070
     0
  0
VISUALSTYLE
  5
40
102
{ACAD_REACTORS
330
2A
102
}
102
{ACAD_XDICTIONARY
360
141
102
}
330
2A
100
AcDbVisualStyle
  2
X-Ray
 70
    25
 71
     2
 72
     2
 73
     1
 90
        1
 40
0.5
 41
30.0
 62
     5
 63
     7
421
 16777215
 74
     1
 91
        0
 64
     7
 65
   257
 75
     1
175
     1
 42
1.0
 92
        8
 66
     7
 43
1.0
 76
     1
 77
     6
 78
     2
 67
     7
 79
     3
170
     0
171
     0
290
     0
174
     0
 93
       13
 44
0.0
173
     0
291
     0
 45
0.0
1001
ACAD
1000
AcDbSavedByObjectVersion
1070
     0
  0
DICTIONARYVAR
  5
114
102
{ACAD_REACTORS
330
113
102
}
330
113
100
DictionaryVariables
280
     0
  1
1:1
  0
DICTIONARYVAR
  5
155
102
{ACAD_REACTORS
330
113
102
}
330
113
100
DictionaryVariables
280
     0
  1
Standard
  0
DICTIONARYVAR
  5
154
102
{ACAD_REACTORS
330
113
102
}
330
113
100
DictionaryVariables
280
     0
  1
Standard
  0
DICTIONARYVAR
  5
115
102
{ACAD_REACTORS
330
113
102
}
330
113
100
DictionaryVariables
280
     0
  1
1
  0
DICTIONARYVAR
  5
116
102
{ACAD_REACTORS
330
113
102
}
330
113
100
DictionaryVariables
280
     0
  1
2
  0
DICTIONARY
  5
149
330
45
100
AcDbDictionary
280
     1
281
     1
  3
ACAD_XREC_ROUNDTRIP
360
14A
  0
DICTIONARY
  5
147
330
44
100
AcDbDictionary
280
     1
281
     1
  3
ACAD_XREC_ROUNDTRIP
360
148
  0
DICTIONARY
  5
14B
330
46
100
AcDbDictionary
280
     1
281
     1
  3
ACAD_XREC_ROUNDTRIP
360
14C
  0
DICTIONARY
  5
151
330
6C
100
AcDbDictionary
280
     1
281
     1
  3
ACAD_XREC_ROUNDTRIP
360
152
  0
DICTIONARY
  5
14D
330
6A
100
AcDbDictionary
280
     1
281
     1
  3
ACAD_ROUNDTRIP_2008_TABLESTYLE_CELLSTYLEMAP
360
14F
  3
ACAD_XREC_ROUNDTRIP
360
14E
  0
DICTIONARY
  5
11F
330
2F
100
AcDbDictionary
280
     1
281
     1
  3
ACAD_XREC_ROUNDTRIP
360
120
  0
DICTIONARY
  5
125
330
32
100
AcDbDictionary
280
     1
281
     1
  3
ACAD_XREC_ROUNDTRIP
360
126
  0
DICTIONARY
  5
12D
330
36
100
AcDbDictionary
280
     1
281
     1
  3
ACAD_XREC_ROUNDTRIP
360
12E
  0
DICTIONARY
  5
135
330
3A
100
AcDbDictionary
280
     1
281
     1
  3
ACAD_XREC_ROUNDTRIP
360
136
  0
DICTIONARY
  5
129
330
34
100
AcDbDictionary
280
     1
281
     1
  3
ACAD_XREC_ROUNDTRIP
360
12A
  0
DICTIONARY
  5
12B
330
35
100
AcDbDictionary
280
     1
281
     1
  3
ACAD_XREC_ROUNDTRIP
360
12C
  0
DICTIONARY
  5
13B
330
3D
100
AcDbDictionary
280
     1
281
     1
  3
ACAD_XREC_ROUNDTRIP
360
13C
  0
DICTIONARY
  5
133
330
39
100
AcDbDictionary
280
     1
281
     1
  3
ACAD_XREC_ROUNDTRIP
360
134
  0
DICTIONARY
  5
117
330
2B
100
AcDbDictionary
280
     1
281
     1
  3
ACAD_XREC_ROUNDTRIP
360
118
  0
DICTIONARY
  5
119
330
2C
100
AcDbDictionary
280
     1
281
     1
  3
ACAD_XREC_ROUNDTRIP
360
11A
  0
DICTIONARY
  5
11B
330
2D
100
AcDbDictionary
280
     1
281
     1
  3
ACAD_XREC_ROUNDTRIP
360
11C
  0
DICTIONARY
  5
11D
330
2E
100
AcDbDictionary
280
     1
281
     1
  3
ACAD_XREC_ROUNDTRIP
360
11E
  0
DICTIONARY
  5
123
330
31
100
AcDbDictionary
280
     1
281
     1
  3
ACAD_XREC_ROUNDTRIP
360
124
  0
DICTIONARY
  5
137
330
3B
100
AcDbDictionary
280
     1
281
     1
  3
ACAD_XREC_ROUNDTRIP
360
138
  0
DICTIONARY
  5
131
330
38
100
AcDbDictionary
280
     1
281
     1
  3
ACAD_XREC_ROUNDTRIP
360
132
  0
DICTIONARY
  5
139
330
3C
100
AcDbDictionary
280
     1
281
     1
  3
ACAD_XREC_ROUNDTRIP
360
13A
  0
DICTIONARY
  5
127
330
33
100
AcDbDictionary
280
     1
281
     1
  3
ACAD_XREC_ROUNDTRIP
360
128
  0
DICTIONARY
  5
145
330
42
100
AcDbDictionary
280
     1
281
     1
  3
ACAD_XREC_ROUNDTRIP
360
146
  0
DICTIONARY
  5
143
330
41
100
AcDbDictionary
280
     1
281
     1
  3
ACAD_XREC_ROUNDTRIP
360
144
  0
DICTIONARY
  5
13D
330
3E
100
AcDbDictionary
280
     1
281
     1
  3
ACAD_XREC_ROUNDTRIP
360
13E
  0
DICTIONARY
  5
13F
330
3F
100
AcDbDictionary
280
     1
281
     1
  3
ACAD_XREC_ROUNDTRIP
360
140
  0
DICTIONARY
  5
12F
330
37
100
AcDbDictionary
280
     1
281
     1
  3
ACAD_XREC_ROUNDTRIP
360
130
  0
DICTIONARY
  5
121
330
30
100
AcDbDictionary
280
     1
281
     1
  3
ACAD_XREC_ROUNDTRIP
360
122
  0
DICTIONARY
  5
141
330
40
100
AcDbDictionary
280
     1
281
     1
  3
ACAD_XREC_ROUNDTRIP
360
142
  0
XRECORD
  5
14A
102
{ACAD_REACTORS
330
149
102
}
330
149
100
AcDbXrecord
280
     1
102
MATERIAL
148
0.0
149
0.0
149
0.0
 93
        0
 94
      127
282
     0
 72
     1
 77
     1
171
     1
175
     1
179
     1
273
     0
  0
XRECORD
  5
148
102
{ACAD_REACTORS
330
147
102
}
330
147
100
AcDbXrecord
280
     1
102
MATERIAL
148
0.0
149
0.0
149
0.0
 93
        0
 94
      127
282
     0
 72
     1
 77
     1
171
     1
175
     1
179
     1
273
     0
  0
XRECORD
  5
14C
102
{ACAD_REACTORS
330
14B
102
}
330
14B
100
AcDbXrecord
280
     1
102
MATERIAL
148
0.0
149
0.0
149
0.0
 93
        0
 94
      127
282
     0
 72
     1
 77
     1
171
     1
175
     1
179
     1
273
     0
  0
XRECORD
  5
152
102
{ACAD_REACTORS
330
151
102
}
330
151
100
AcDbXrecord
280
     1
102
ACAD_ROUNDTRIP_2010_MLEADER_STYLE
  0
CELLSTYLEMAP
  5
14F
102
{ACAD_REACTORS
330
14D
102
}
330
14D
100
AcDbCellStyleMap
 90
        3
300
CELLSTYLE
  1
TABLEFORMAT_BEGIN
 90
        5
170
     1
 91
        0
 92
    32768
 62
   257
 93
        1
300
CONTENTFORMAT
  1
CONTENTFORMAT_BEGIN
 90
        0
 91
        0
 92
        4
 93
        0
300

 40
0.0
140
1.0
 94
        5
 62
     0
340
11
144
0.25
309
CONTENTFORMAT_END
171
     1
301
MARGIN
  1
CELLMARGIN_BEGIN
 40
0.06
 40
0.06
 40
0.06
 40
0.06
 40
0.06
 40
0.06
309
CELLMARGIN_END
 94
        6
 95
        1
302
GRIDFORMAT
  1
GRIDFORMAT_BEGIN
 90
        0
 91
        1
 62
     0
 92
       -2
340
14
 93
        0
 40
0.045
309
GRIDFORMAT_END
 95
        2
302
GRIDFORMAT
  1
GRIDFORMAT_BEGIN
 90
        0
 91
        1
 62
     0
 92
       -2
340
14
 93
        0
 40
0.045
309
GRIDFORMAT_END
 95
        4
302
GRIDFORMAT
  1
GRIDFORMAT_BEGIN
 90
        0
 91
        1
 62
     0
 92
       -2
340
14
 93
        0
 40
0.045
309
GRIDFORMAT_END
 95
        8
302
GRIDFORMAT
  1
GRIDFORMAT_BEGIN
 90
        0
 91
        1
 62
     0
 92
       -2
340
14
 93
        0
 40
0.045
309
GRIDFORMAT_END
 95
       16
302
GRIDFORMAT
  1
GRIDFORMAT_BEGIN
 90
        0
 91
        1
 62
     0
 92
       -2
340
14
 93
        0
 40
0.045
309
GRIDFORMAT_END
 95
       32
302
GRIDFORMAT
  1
GRIDFORMAT_BEGIN
 90
        0
 91
        1
 62
     0
 92
       -2
340
14
 93
        0
 40
0.045
309
GRIDFORMAT_END
309
TABLEFORMAT_END
  1
CELLSTYLE_BEGIN
 90
        1
 91
        1
300
_TITLE
309
CELLSTYLE_END
300
CELLSTYLE
  1
TABLEFORMAT_BEGIN
 90
        5
170
     1
 91
        0
 92
        0
 62
   257
 93
        1
300
CONTENTFORMAT
  1
CONTENTFORMAT_BEGIN
 90
        0
 91
        0
 92
        4
 93
        0
300

 40
0.0
140
1.0
 94
        5
 62
     0
340
11
144
0.18
309
CONTENTFORMAT_END
171
     1
301
MARGIN
  1
CELLMARGIN_BEGIN
 40
0.06
 40
0.06
 40
0.06
 40
0.06
 40
0.06
 40
0.06
309
CELLMARGIN_END
 94
        6
 95
        1
302
GRIDFORMAT
  1
GRIDFORMAT_BEGIN
 90
        0
 91
        1
 62
     0
 92
       -2
340
14
 93
        0
 40
0.045
309
GRIDFORMAT_END
 95
        2
302
GRIDFORMAT
  1
GRIDFORMAT_BEGIN
 90
        0
 91
        1
 62
     0
 92
       -2
340
14
 93
        0
 40
0.045
309
GRIDFORMAT_END
 95
        4
302
GRIDFORMAT
  1
GRIDFORMAT_BEGIN
 90
        0
 91
        1
 62
     0
 92
       -2
340
14
 93
        0
 40
0.045
309
GRIDFORMAT_END
 95
        8
302
GRIDFORMAT
  1
GRIDFORMAT_BEGIN
 90
        0
 91
        1
 62
     0
 92
       -2
340
14
 93
        0
 40
0.045
309
GRIDFORMAT_END
 95
       16
302
GRIDFORMAT
  1
GRIDFORMAT_BEGIN
 90
        0
 91
        1
 62
     0
 92
       -2
340
14
 93
        0
 40
0.045
309
GRIDFORMAT_END
 95
       32
302
GRIDFORMAT
  1
GRIDFORMAT_BEGIN
 90
        0
 91
        1
 62
     0
 92
       -2
340
14
 93
        0
 40
0.045
309
GRIDFORMAT_END
309
TABLEFORMAT_END
  1
CELLSTYLE_BEGIN
 90
        2
 91
        1
300
_HEADER
309
CELLSTYLE_END
300
CELLSTYLE
  1
TABLEFORMAT_BEGIN
 90
        5
170
     1
 91
        0
 92
        0
 62
   257
 93
        1
300
CONTENTFORMAT
  1
CONTENTFORMAT_BEGIN
 90
        0
 91
        0
 92
        4
 93
        0
300

 40
0.0
140
1.0
 94
        2
 62
     0
340
11
144
0.18
309
CONTENTFORMAT_END
171
     1
301
MARGIN
  1
CELLMARGIN_BEGIN
 40
0.06
 40
0.06
 40
0.06
 40
0.06
 40
0.06
 40
0.06
309
CELLMARGIN_END
 94
        6
 95
        1
302
GRIDFORMAT
  1
GRIDFORMAT_BEGIN
 90
        0
 91
        1
 62
     0
 92
       -2
340
14
 93
        0
 40
0.045
309
GRIDFORMAT_END
 95
        2
302
GRIDFORMAT
  1
GRIDFORMAT_BEGIN
 90
        0
 91
        1
 62
     0
 92
       -2
340
14
 93
        0
 40
0.045
309
GRIDFORMAT_END
 95
        4
302
GRIDFORMAT
  1
GRIDFORMAT_BEGIN
 90
        0
 91
        1
 62
     0
 92
       -2
340
14
 93
        0
 40
0.045
309
GRIDFORMAT_END
 95
        8
302
GRIDFORMAT
  1
GRIDFORMAT_BEGIN
 90
        0
 91
        1
 62
     0
 92
       -2
340
14
 93
        0
 40
0.045
309
GRIDFORMAT_END
 95
       16
302
GRIDFORMAT
  1
GRIDFORMAT_BEGIN
 90
        0
 91
        1
 62
     0
 92
       -2
340
14
 93
        0
 40
0.045
309
GRIDFORMAT_END
 95
       32
302
GRIDFORMAT
  1
GRIDFORMAT_BEGIN
 90
        0
 91
        1
 62
     0
 92
       -2
340
14
 93
        0
 40
0.045
309
GRIDFORMAT_END
309
TABLEFORMAT_END
  1
CELLSTYLE_BEGIN
 90
        3
 91
        2
300
_DATA
309
CELLSTYLE_END
  0
XRECORD
  5
14E
102
{ACAD_REACTORS
330
14D
102
}
330
14D
100
AcDbXrecord
280
     1
102
ACAD_ROUNDTRIP_PRE2007_TABLESTYLE
 90
        4
 91
        0
  1

 92
        4
 93
        0
  2

 94
        4
 95
        0
  3

  0
XRECORD
  5
120
102
{ACAD_REACTORS
330
11F
102
}
330
11F
100
AcDbXrecord
280
     1
102
RTVSPropertyOp0
 70
     1
102
RTVSPropertyOp1
 70
     1
102
RTVSPropertyOp2
 70
     1
102
RTVSPropertyOp3
 70
     1
102
RTVSPropertyOp4
 70
     1
102
RTVSPropertyOp5
 70
     1
102
RTVSPropertyOp6
 70
     1
102
RTVSPropertyOp7
 70
     1
102
RTVSPropertyOp8
 70
     1
102
RTVSPropertyOp9
 70
     1
102
RTVSPropertyOp10
 70
     1
102
RTVSPropertyOp11
 70
     1
102
RTVSPropertyOp12
 70
     1
102
RTVSPropertyOp13
 70
     1
102
RTVSPropertyOp14
 70
     1
102
RTVSPropertyOp15
 70
     1
102
RTVSPropertyOp16
 70
     1
102
RTVSPropertyOp17
 70
     1
102
RTVSPropertyOp18
 70
     1
102
RTVSPropertyOp19
 70
     1
102
RTVSPropertyOp20
 70
     1
102
RTVSPropertyOp21
 70
     1
102
RTVSPropertyOp22
 70
     1
102
RTVSPropertyOp23
 70
     1
102
RTVSPropertyOp24
 70
     1
102
RTVSPropertyOp25
 70
     1
102
RTVSPropertyOp26
 70
     1
102
RTVSPropertyOp27
 70
     1
102
RTVSPropertyOp28
 70
     1
102
RTVSPropertyOp29
 70
     1
102
RTVSPropertyOp30
 70
     1
102
RTVSPropertyOp31
 70
     1
102
RTVSPropertyOp32
 70
     1
102
RTVSPropertyOp33
 70
     1
102
RTVSPropertyOp34
 70
     1
102
RTVSPropertyOp35
 70
     1
102
RTVSPropertyOp36
 70
     1
102
RTVSPropertyOp37
 70
     1
102
RTVSPropertyOp38
 70
     1
102
RTVSPropertyOp39
 70
     1
102
RTVSPropertyOp40
 70
     1
102
RTVSPropertyOp41
 70
     1
102
RTVSPropertyOp42
 70
     1
102
RTVSPropertyOp43
 70
     1
102
RTVSPropertyOp44
 70
     1
102
RTVSPropertyOp45
 70
     1
102
RTVSPropertyOp46
 70
     1
102
RTVSPropertyOp47
 70
     1
102
RTVSPropertyOp48
 70
     1
102
RTVSPropertyOp49
 70
     1
102
RTVSPropertyOp50
 70
     1
102
RTVSPropertyOp51
 70
     0
102
RTVSPropertyOp52
 70
     0
102
RTVSPropertyOp53
 70
     1
102
RTVSPropertyOp54
 70
     1
102
RTVSPropertyOp55
 70
     1
102
RTVSPropertyOp56
 70
     1
102
RTVSPropertyOp57
 70
     1
102
RTVSPost2010Prop28
280
     1
102
RTVSPost2010PropOp28
 70
     1
102
RTVSPost2010Prop29
280
     1
102
RTVSPost2010PropOp29
 70
     1
102
RTVSPost2010Prop30
280
     0
102
RTVSPost2010PropOp30
 70
     1
102
RTVSPost2010Prop31
280
     0
102
RTVSPost2010PropOp31
 70
     1
102
RTVSPost2010Prop32
280
     0
102
RTVSPost2010PropOp32
 70
     1
102
RTVSPost2010Prop33
280
     0
102
RTVSPost2010PropOp33
 70
     1
102
RTVSPost2010Prop34
280
     0
102
RTVSPost2010PropOp34
 70
     1
102
RTVSPost2010Prop35
280
     0
102
RTVSPost2010PropOp35
 70
     1
102
RTVSPost2010Prop36
280
     0
102
RTVSPost2010PropOp36
 70
     1
102
RTVSPost2010Prop37
 90
       50
102
RTVSPost2010PropOp37
 70
     1
102
RTVSPost2010Prop38
140
0.0
102
RTVSPost2010PropOp38
 70
     1
102
RTVSPost2010Prop39
140
1.0
102
RTVSPost2010PropOp39
 70
     1
102
RTVSPost2010Prop40
 90
        0
102
RTVSPost2010PropOp40
 70
     1
102
RTVSPost2010Prop41ColorIndex
 90
       18
102
RTVSPost2010Prop41ColorRGB
 90
        0
102
RTVSPost2010PropOp41
 70
     1
102
RTVSPost2010Prop42
 90
       50
102
RTVSPost2010PropOp42
 70
     1
102
RTVSPost2010Prop43
 90
        3
102
RTVSPost2010PropOp43
 70
     1
102
RTVSPost2010Prop44ColorIndex
 90
        5
102
RTVSPost2010Prop44ColorRGB
 90
      255
102
RTVSPost2010PropOp44
 70
     1
102
RTVSPost2010Prop45
280
     0
102
RTVSPost2010PropOp45
 70
     1
102
RTVSPost2010Prop46
 90
       50
102
RTVSPost2010PropOp46
 70
     1
102
RTVSPost2010Prop47
 90
       50
102
RTVSPost2010PropOp47
 70
     1
102
RTVSPost2010Prop48
 90
       50
102
RTVSPost2010PropOp48
 70
     1
102
RTVSPost2010Prop49
280
     0
102
RTVSPost2010PropOp49
 70
     1
102
RTVSPost2010Prop50
 90
       50
102
RTVSPost2010PropOp50
 70
     1
102
RTVSPost2010Prop51ColorIndex
 90
      256
102
RTVSPost2010Prop51ColorRGB
 90
-16777216
102
RTVSPost2010PropOp51
 70
     0
102
RTVSPost2010Prop52
140
1.0
102
RTVSPost2010PropOp52
 70
     0
102
RTVSPost2010Prop53
 90
        2
102
RTVSPost2010PropOp53
 70
     1
102
RTVSPost2010Prop54
  1
strokes_ogs.tif
102
RTVSPost2010PropOp54
 70
     1
102
RTVSPost2010Prop55
280
     0
102
RTVSPost2010PropOp55
 70
     1
102
RTVSPost2010Prop56
140
1.0
102
RTVSPost2010PropOp56
 70
     1
102
RTVSPost2010Prop57
140
1.0
102
RTVSPost2010PropOp57
 70
     1
  0
XRECORD
  5
126
102
{ACAD_REACTORS
330
125
102
}
330
125
100
AcDbXrecord
280
     1
102
RTVSPropertyOp0
 70
     1
102
RTVSPropertyOp1
 70
     1
102
RTVSPropertyOp2
 70
     1
102
RTVSPropertyOp3
 70
     1
102
RTVSPropertyOp4
 70
     1
102
RTVSPropertyOp5
 70
     1
102
RTVSPropertyOp6
 70
     1
102
RTVSPropertyOp7
 70
     1
102
RTVSPropertyOp8
 70
     1
102
RTVSPropertyOp9
 70
     1
102
RTVSPropertyOp10
 70
     1
102
RTVSPropertyOp11
 70
     1
102
RTVSPropertyOp12
 70
     1
102
RTVSPropertyOp13
 70
     1
102
RTVSPropertyOp14
 70
     1
102
RTVSPropertyOp15
 70
     1
102
RTVSPropertyOp16
 70
     1
102
RTVSPropertyOp17
 70
     1
102
RTVSPropertyOp18
 70
     1
102
RTVSPropertyOp19
 70
     1
102
RTVSPropertyOp20
 70
     1
102
RTVSPropertyOp21
 70
     1
102
RTVSPropertyOp22
 70
     1
102
RTVSPropertyOp23
 70
     1
102
RTVSPropertyOp24
 70
     1
102
RTVSPropertyOp25
 70
     1
102
RTVSPropertyOp26
 70
     1
102
RTVSPropertyOp27
 70
     1
102
RTVSPropertyOp28
 70
     1
102
RTVSPropertyOp29
 70
     1
102
RTVSPropertyOp30
 70
     1
102
RTVSPropertyOp31
 70
     1
102
RTVSPropertyOp32
 70
     1
102
RTVSPropertyOp33
 70
     1
102
RTVSPropertyOp34
 70
     1
102
RTVSPropertyOp35
 70
     1
102
RTVSPropertyOp36
 70
     1
102
RTVSPropertyOp37
 70
     1
102
RTVSPropertyOp38
 70
     1
102
RTVSPropertyOp39
 70
     1
102
RTVSPropertyOp40
 70
     1
102
RTVSPropertyOp41
 70
     1
102
RTVSPropertyOp42
 70
     1
102
RTVSPropertyOp43
 70
     1
102
RTVSPropertyOp44
 70
     1
102
RTVSPropertyOp45
 70
     1
102
RTVSPropertyOp46
 70
     1
102
RTVSPropertyOp47
 70
     1
102
RTVSPropertyOp48
 70
     1
102
RTVSPropertyOp49
 70
     1
102
RTVSPropertyOp50
 70
     1
102
RTVSPropertyOp51
 70
     0
102
RTVSPropertyOp52
 70
     0
102
RTVSPropertyOp53
 70
     1
102
RTVSPropertyOp54
 70
     1
102
RTVSPropertyOp55
 70
     1
102
RTVSPropertyOp56
 70
     1
102
RTVSPropertyOp57
 70
     1
102
RTVSPost2010Prop28
280
     0
102
RTVSPost2010PropOp28
 70
     1
102
RTVSPost2010Prop29
280
     1
102
RTVSPost2010PropOp29
 70
     1
102
RTVSPost2010Prop30
280
     1
102
RTVSPost2010PropOp30
 70
     1
102
RTVSPost2010Prop31
280
     0
102
RTVSPost2010PropOp31
 70
     1
102
RTVSPost2010Prop32
280
     0
102
RTVSPost2010PropOp32
 70
     1
102
RTVSPost2010Prop33
280
     0
102
RTVSPost2010PropOp33
 70
     1
102
RTVSPost2010Prop34
280
     0
102
RTVSPost2010PropOp34
 70
     1
102
RTVSPost2010Prop35
280
     0
102
RTVSPost2010PropOp35
 70
     1
102
RTVSPost2010Prop36
280
     0
102
RTVSPost2010PropOp36
 70
     1
102
RTVSPost2010Prop37
 90
       50
102
RTVSPost2010PropOp37
 70
     1
102
RTVSPost2010Prop38
140
0.0
102
RTVSPost2010PropOp38
 70
     1
102
RTVSPost2010Prop39
140
1.0
102
RTVSPost2010PropOp39
 70
     1
102
RTVSPost2010Prop40
 90
        0
102
RTVSPost2010PropOp40
 70
     1
102
RTVSPost2010Prop41ColorIndex
 90
       18
102
RTVSPost2010Prop41ColorRGB
 90
        0
102
RTVSPost2010PropOp41
 70
     1
102
RTVSPost2010Prop42
 90
       50
102
RTVSPost2010PropOp42
 70
     1
102
RTVSPost2010Prop43
 90
        3
102
RTVSPost2010PropOp43
 70
     1
102
RTVSPost2010Prop44ColorIndex
 90
        5
102
RTVSPost2010Prop44ColorRGB
 90
      255
102
RTVSPost2010PropOp44
 70
     1
102
RTVSPost2010Prop45
280
     0
102
RTVSPost2010PropOp45
 70
     1
102
RTVSPost2010Prop46
 90
       50
102
RTVSPost2010PropOp46
 70
     1
102
RTVSPost2010Prop47
 90
       50
102
RTVSPost2010PropOp47
 70
     1
102
RTVSPost2010Prop48
 90
       50
102
RTVSPost2010PropOp48
 70
     1
102
RTVSPost2010Prop49
280
     0
102
RTVSPost2010PropOp49
 70
     1
102
RTVSPost2010Prop50
 90
       50
102
RTVSPost2010PropOp50
 70
     1
102
RTVSPost2010Prop51ColorIndex
 90
      256
102
RTVSPost2010Prop51ColorRGB
 90
-16777216
102
RTVSPost2010PropOp51
 70
     0
102
RTVSPost2010Prop52
140
1.0
102
RTVSPost2010PropOp52
 70
     0
102
RTVSPost2010Prop53
 90
        2
102
RTVSPost2010PropOp53
 70
     1
102
RTVSPost2010Prop54
  1
strokes_ogs.tif
102
RTVSPost2010PropOp54
 70
     1
102
RTVSPost2010Prop55
280
     0
102
RTVSPost2010PropOp55
 70
     1
102
RTVSPost2010Prop56
140
1.0
102
RTVSPost2010PropOp56
 70
     1
102
RTVSPost2010Prop57
140
1.0
102
RTVSPost2010PropOp57
 70
     1
  0
XRECORD
  5
12E
102
{ACAD_REACTORS
330
12D
102
}
330
12D
100
AcDbXrecord
280
     1
102
RTVSPropertyOp0
 70
     1
102
RTVSPropertyOp1
 70
     1
102
RTVSPropertyOp2
 70
     1
102
RTVSPropertyOp3
 70
     1
102
RTVSPropertyOp4
 70
     1
102
RTVSPropertyOp5
 70
     1
102
RTVSPropertyOp6
 70
     1
102
RTVSPropertyOp7
 70
     1
102
RTVSPropertyOp8
 70
     1
102
RTVSPropertyOp9
 70
     1
102
RTVSPropertyOp10
 70
     1
102
RTVSPropertyOp11
 70
     1
102
RTVSPropertyOp12
 70
     1
102
RTVSPropertyOp13
 70
     1
102
RTVSPropertyOp14
 70
     1
102
RTVSPropertyOp15
 70
     1
102
RTVSPropertyOp16
 70
     1
102
RTVSPropertyOp17
 70
     1
102
RTVSPropertyOp18
 70
     1
102
RTVSPropertyOp19
 70
     1
102
RTVSPropertyOp20
 70
     1
102
RTVSPropertyOp21
 70
     1
102
RTVSPropertyOp22
 70
     1
102
RTVSPropertyOp23
 70
     1
102
RTVSPropertyOp24
 70
     1
102
RTVSPropertyOp25
 70
     1
102
RTVSPropertyOp26
 70
     1
102
RTVSPropertyOp27
 70
     1
102
RTVSPropertyOp28
 70
     1
102
RTVSPropertyOp29
 70
     1
102
RTVSPropertyOp30
 70
     1
102
RTVSPropertyOp31
 70
     1
102
RTVSPropertyOp32
 70
     1
102
RTVSPropertyOp33
 70
     1
102
RTVSPropertyOp34
 70
     1
102
RTVSPropertyOp35
 70
     1
102
RTVSPropertyOp36
 70
     1
102
RTVSPropertyOp37
 70
     1
102
RTVSPropertyOp38
 70
     1
102
RTVSPropertyOp39
 70
     1
102
RTVSPropertyOp40
 70
     1
102
RTVSPropertyOp41
 70
     1
102
RTVSPropertyOp42
 70
     1
102
RTVSPropertyOp43
 70
     1
102
RTVSPropertyOp44
 70
     1
102
RTVSPropertyOp45
 70
     1
102
RTVSPropertyOp46
 70
     1
102
RTVSPropertyOp47
 70
     1
102
RTVSPropertyOp48
 70
     1
102
RTVSPropertyOp49
 70
     1
102
RTVSPropertyOp50
 70
     1
102
RTVSPropertyOp51
 70
     0
102
RTVSPropertyOp52
 70
     0
102
RTVSPropertyOp53
 70
     1
102
RTVSPropertyOp54
 70
     1
102
RTVSPropertyOp55
 70
     1
102
RTVSPropertyOp56
 70
     1
102
RTVSPropertyOp57
 70
     1
102
RTVSPost2010Prop28
280
     0
102
RTVSPost2010PropOp28
 70
     1
102
RTVSPost2010Prop29
280
     1
102
RTVSPost2010PropOp29
 70
     1
102
RTVSPost2010Prop30
280
     1
102
RTVSPost2010PropOp30
 70
     1
102
RTVSPost2010Prop31
280
     0
102
RTVSPost2010PropOp31
 70
     1
102
RTVSPost2010Prop32
280
     0
102
RTVSPost2010PropOp32
 70
     1
102
RTVSPost2010Prop33
280
     0
102
RTVSPost2010PropOp33
 70
     1
102
RTVSPost2010Prop34
280
     0
102
RTVSPost2010PropOp34
 70
     1
102
RTVSPost2010Prop35
280
     0
102
RTVSPost2010PropOp35
 70
     1
102
RTVSPost2010Prop36
280
     0
102
RTVSPost2010PropOp36
 70
     1
102
RTVSPost2010Prop37
 90
       50
102
RTVSPost2010PropOp37
 70
     1
102
RTVSPost2010Prop38
140
0.0
102
RTVSPost2010PropOp38
 70
     1
102
RTVSPost2010Prop39
140
1.0
102
RTVSPost2010PropOp39
 70
     1
102
RTVSPost2010Prop40
 90
        0
102
RTVSPost2010PropOp40
 70
     1
102
RTVSPost2010Prop41ColorIndex
 90
       18
102
RTVSPost2010Prop41ColorRGB
 90
        0
102
RTVSPost2010PropOp41
 70
     1
102
RTVSPost2010Prop42
 90
       50
102
RTVSPost2010PropOp42
 70
     1
102
RTVSPost2010Prop43
 90
        3
102
RTVSPost2010PropOp43
 70
     1
102
RTVSPost2010Prop44ColorIndex
 90
        5
102
RTVSPost2010Prop44ColorRGB
 90
      255
102
RTVSPost2010PropOp44
 70
     1
102
RTVSPost2010Prop45
280
     0
102
RTVSPost2010PropOp45
 70
     1
102
RTVSPost2010Prop46
 90
       50
102
RTVSPost2010PropOp46
 70
     1
102
RTVSPost2010Prop47
 90
       50
102
RTVSPost2010PropOp47
 70
     1
102
RTVSPost2010Prop48
 90
       50
102
RTVSPost2010PropOp48
 70
     1
102
RTVSPost2010Prop49
280
     0
102
RTVSPost2010PropOp49
 70
     1
102
RTVSPost2010Prop50
 90
       50
102
RTVSPost2010PropOp50
 70
     1
102
RTVSPost2010Prop51ColorIndex
 90
      256
102
RTVSPost2010Prop51ColorRGB
 90
-16777216
102
RTVSPost2010PropOp51
 70
     0
102
RTVSPost2010Prop52
140
1.0
102
RTVSPost2010PropOp52
 70
     0
102
RTVSPost2010Prop53
 90
        2
102
RTVSPost2010PropOp53
 70
     1
102
RTVSPost2010Prop54
  1
strokes_ogs.tif
102
RTVSPost2010PropOp54
 70
     1
102
RTVSPost2010Prop55
280
     0
102
RTVSPost2010PropOp55
 70
     1
102
RTVSPost2010Prop56
140
1.0
102
RTVSPost2010PropOp56
 70
     1
102
RTVSPost2010Prop57
140
1.0
102
RTVSPost2010PropOp57
 70
     1
  0
XRECORD
  5
136
102
{ACAD_REACTORS
330
135
102
}
330
135
100
AcDbXrecord
280
     1
102
RTVSPropertyOp0
 70
     1
102
RTVSPropertyOp1
 70
     1
102
RTVSPropertyOp2
 70
     1
102
RTVSPropertyOp3
 70
     1
102
RTVSPropertyOp4
 70
     1
102
RTVSPropertyOp5
 70
     1
102
RTVSPropertyOp6
 70
     1
102
RTVSPropertyOp7
 70
     1
102
RTVSPropertyOp8
 70
     1
102
RTVSPropertyOp9
 70
     1
102
RTVSPropertyOp10
 70
     1
102
RTVSPropertyOp11
 70
     1
102
RTVSPropertyOp12
 70
     1
102
RTVSPropertyOp13
 70
     1
102
RTVSPropertyOp14
 70
     1
102
RTVSPropertyOp15
 70
     1
102
RTVSPropertyOp16
 70
     1
102
RTVSPropertyOp17
 70
     1
102
RTVSPropertyOp18
 70
     1
102
RTVSPropertyOp19
 70
     1
102
RTVSPropertyOp20
 70
     1
102
RTVSPropertyOp21
 70
     1
102
RTVSPropertyOp22
 70
     1
102
RTVSPropertyOp23
 70
     1
102
RTVSPropertyOp24
 70
     1
102
RTVSPropertyOp25
 70
     1
102
RTVSPropertyOp26
 70
     1
102
RTVSPropertyOp27
 70
     1
102
RTVSPropertyOp28
 70
     1
102
RTVSPropertyOp29
 70
     1
102
RTVSPropertyOp30
 70
     1
102
RTVSPropertyOp31
 70
     1
102
RTVSPropertyOp32
 70
     1
102
RTVSPropertyOp33
 70
     1
102
RTVSPropertyOp34
 70
     1
102
RTVSPropertyOp35
 70
     1
102
RTVSPropertyOp36
 70
     1
102
RTVSPropertyOp37
 70
     1
102
RTVSPropertyOp38
 70
     1
102
RTVSPropertyOp39
 70
     1
102
RTVSPropertyOp40
 70
     1
102
RTVSPropertyOp41
 70
     1
102
RTVSPropertyOp42
 70
     1
102
RTVSPropertyOp43
 70
     1
102
RTVSPropertyOp44
 70
     1
102
RTVSPropertyOp45
 70
     1
102
RTVSPropertyOp46
 70
     1
102
RTVSPropertyOp47
 70
     1
102
RTVSPropertyOp48
 70
     1
102
RTVSPropertyOp49
 70
     1
102
RTVSPropertyOp50
 70
     1
102
RTVSPropertyOp51
 70
     0
102
RTVSPropertyOp52
 70
     0
102
RTVSPropertyOp53
 70
     1
102
RTVSPropertyOp54
 70
     1
102
RTVSPropertyOp55
 70
     1
102
RTVSPropertyOp56
 70
     1
102
RTVSPropertyOp57
 70
     1
102
RTVSPost2010Prop28
280
     0
102
RTVSPost2010PropOp28
 70
     1
102
RTVSPost2010Prop29
280
     1
102
RTVSPost2010PropOp29
 70
     1
102
RTVSPost2010Prop30
280
     1
102
RTVSPost2010PropOp30
 70
     1
102
RTVSPost2010Prop31
280
     0
102
RTVSPost2010PropOp31
 70
     1
102
RTVSPost2010Prop32
280
     0
102
RTVSPost2010PropOp32
 70
     1
102
RTVSPost2010Prop33
280
     0
102
RTVSPost2010PropOp33
 70
     1
102
RTVSPost2010Prop34
280
     0
102
RTVSPost2010PropOp34
 70
     1
102
RTVSPost2010Prop35
280
     0
102
RTVSPost2010PropOp35
 70
     1
102
RTVSPost2010Prop36
280
     0
102
RTVSPost2010PropOp36
 70
     1
102
RTVSPost2010Prop37
 90
       50
102
RTVSPost2010PropOp37
 70
     1
102
RTVSPost2010Prop38
140
0.0
102
RTVSPost2010PropOp38
 70
     1
102
RTVSPost2010Prop39
140
1.0
102
RTVSPost2010PropOp39
 70
     1
102
RTVSPost2010Prop40
 90
        0
102
RTVSPost2010PropOp40
 70
     1
102
RTVSPost2010Prop41ColorIndex
 90
       18
102
RTVSPost2010Prop41ColorRGB
 90
        0
102
RTVSPost2010PropOp41
 70
     1
102
RTVSPost2010Prop42
 90
       50
102
RTVSPost2010PropOp42
 70
     1
102
RTVSPost2010Prop43
 90
        3
102
RTVSPost2010PropOp43
 70
     1
102
RTVSPost2010Prop44ColorIndex
 90
        5
102
RTVSPost2010Prop44ColorRGB
 90
      255
102
RTVSPost2010PropOp44
 70
     1
102
RTVSPost2010Prop45
280
     0
102
RTVSPost2010PropOp45
 70
     1
102
RTVSPost2010Prop46
 90
       50
102
RTVSPost2010PropOp46
 70
     1
102
RTVSPost2010Prop47
 90
       50
102
RTVSPost2010PropOp47
 70
     1
102
RTVSPost2010Prop48
 90
       50
102
RTVSPost2010PropOp48
 70
     1
102
RTVSPost2010Prop49
280
     0
102
RTVSPost2010PropOp49
 70
     1
102
RTVSPost2010Prop50
 90
       50
102
RTVSPost2010PropOp50
 70
     1
102
RTVSPost2010Prop51ColorIndex
 90
      256
102
RTVSPost2010Prop51ColorRGB
 90
-16777216
102
RTVSPost2010PropOp51
 70
     0
102
RTVSPost2010Prop52
140
1.0
102
RTVSPost2010PropOp52
 70
     0
102
RTVSPost2010Prop53
 90
        2
102
RTVSPost2010PropOp53
 70
     1
102
RTVSPost2010Prop54
  1
strokes_ogs.tif
102
RTVSPost2010PropOp54
 70
     1
102
RTVSPost2010Prop55
280
     0
102
RTVSPost2010PropOp55
 70
     1
102
RTVSPost2010Prop56
140
1.0
102
RTVSPost2010PropOp56
 70
     1
102
RTVSPost2010Prop57
140
1.0
102
RTVSPost2010PropOp57
 70
     1
  0
XRECORD
  5
12A
102
{ACAD_REACTORS
330
129
102
}
330
129
100
AcDbXrecord
280
     1
102
RTVSPropertyOp0
 70
     1
102
RTVSPropertyOp1
 70
     1
102
RTVSPropertyOp2
 70
     1
102
RTVSPropertyOp3
 70
     1
102
RTVSPropertyOp4
 70
     1
102
RTVSPropertyOp5
 70
     1
102
RTVSPropertyOp6
 70
     1
102
RTVSPropertyOp7
 70
     1
102
RTVSPropertyOp8
 70
     1
102
RTVSPropertyOp9
 70
     1
102
RTVSPropertyOp10
 70
     1
102
RTVSPropertyOp11
 70
     1
102
RTVSPropertyOp12
 70
     1
102
RTVSPropertyOp13
 70
     1
102
RTVSPropertyOp14
 70
     1
102
RTVSPropertyOp15
 70
     1
102
RTVSPropertyOp16
 70
     1
102
RTVSPropertyOp17
 70
     1
102
RTVSPropertyOp18
 70
     1
102
RTVSPropertyOp19
 70
     1
102
RTVSPropertyOp20
 70
     1
102
RTVSPropertyOp21
 70
     1
102
RTVSPropertyOp22
 70
     1
102
RTVSPropertyOp23
 70
     1
102
RTVSPropertyOp24
 70
     1
102
RTVSPropertyOp25
 70
     1
102
RTVSPropertyOp26
 70
     1
102
RTVSPropertyOp27
 70
     1
102
RTVSPropertyOp28
 70
     1
102
RTVSPropertyOp29
 70
     1
102
RTVSPropertyOp30
 70
     1
102
RTVSPropertyOp31
 70
     1
102
RTVSPropertyOp32
 70
     1
102
RTVSPropertyOp33
 70
     1
102
RTVSPropertyOp34
 70
     1
102
RTVSPropertyOp35
 70
     1
102
RTVSPropertyOp36
 70
     1
102
RTVSPropertyOp37
 70
     1
102
RTVSPropertyOp38
 70
     1
102
RTVSPropertyOp39
 70
     1
102
RTVSPropertyOp40
 70
     1
102
RTVSPropertyOp41
 70
     1
102
RTVSPropertyOp42
 70
     1
102
RTVSPropertyOp43
 70
     1
102
RTVSPropertyOp44
 70
     1
102
RTVSPropertyOp45
 70
     1
102
RTVSPropertyOp46
 70
     1
102
RTVSPropertyOp47
 70
     1
102
RTVSPropertyOp48
 70
     1
102
RTVSPropertyOp49
 70
     1
102
RTVSPropertyOp50
 70
     1
102
RTVSPropertyOp51
 70
     0
102
RTVSPropertyOp52
 70
     0
102
RTVSPropertyOp53
 70
     1
102
RTVSPropertyOp54
 70
     1
102
RTVSPropertyOp55
 70
     1
102
RTVSPropertyOp56
 70
     1
102
RTVSPropertyOp57
 70
     1
102
RTVSPost2010Prop28
280
     0
102
RTVSPost2010PropOp28
 70
     1
102
RTVSPost2010Prop29
280
     1
102
RTVSPost2010PropOp29
 70
     1
102
RTVSPost2010Prop30
280
     1
102
RTVSPost2010PropOp30
 70
     1
102
RTVSPost2010Prop31
280
     0
102
RTVSPost2010PropOp31
 70
     1
102
RTVSPost2010Prop32
280
     0
102
RTVSPost2010PropOp32
 70
     1
102
RTVSPost2010Prop33
280
     0
102
RTVSPost2010PropOp33
 70
     1
102
RTVSPost2010Prop34
280
     0
102
RTVSPost2010PropOp34
 70
     1
102
RTVSPost2010Prop35
280
     0
102
RTVSPost2010PropOp35
 70
     1
102
RTVSPost2010Prop36
280
     0
102
RTVSPost2010PropOp36
 70
     1
102
RTVSPost2010Prop37
 90
       50
102
RTVSPost2010PropOp37
 70
     1
102
RTVSPost2010Prop38
140
0.0
102
RTVSPost2010PropOp38
 70
     1
102
RTVSPost2010Prop39
140
1.0
102
RTVSPost2010PropOp39
 70
     1
102
RTVSPost2010Prop40
 90
        0
102
RTVSPost2010PropOp40
 70
     1
102
RTVSPost2010Prop41ColorIndex
 90
       18
102
RTVSPost2010Prop41ColorRGB
 90
        0
102
RTVSPost2010PropOp41
 70
     1
102
RTVSPost2010Prop42
 90
       50
102
RTVSPost2010PropOp42
 70
     1
102
RTVSPost2010Prop43
 90
        3
102
RTVSPost2010PropOp43
 70
     1
102
RTVSPost2010Prop44ColorIndex
 90
        5
102
RTVSPost2010Prop44ColorRGB
 90
      255
102
RTVSPost2010PropOp44
 70
     1
102
RTVSPost2010Prop45
280
     0
102
RTVSPost2010PropOp45
 70
     1
102
RTVSPost2010Prop46
 90
       50
102
RTVSPost2010PropOp46
 70
     1
102
RTVSPost2010Prop47
 90
       50
102
RTVSPost2010PropOp47
 70
     1
102
RTVSPost2010Prop48
 90
       50
102
RTVSPost2010PropOp48
 70
     1
102
RTVSPost2010Prop49
280
     0
102
RTVSPost2010PropOp49
 70
     1
102
RTVSPost2010Prop50
 90
       50
102
RTVSPost2010PropOp50
 70
     1
102
RTVSPost2010Prop51ColorIndex
 90
      256
102
RTVSPost2010Prop51ColorRGB
 90
-16777216
102
RTVSPost2010PropOp51
 70
     0
102
RTVSPost2010Prop52
140
1.0
102
RTVSPost2010PropOp52
 70
     0
102
RTVSPost2010Prop53
 90
        2
102
RTVSPost2010PropOp53
 70
     1
102
RTVSPost2010Prop54
  1
strokes_ogs.tif
102
RTVSPost2010PropOp54
 70
     1
102
RTVSPost2010Prop55
280
     0
102
RTVSPost2010PropOp55
 70
     1
102
RTVSPost2010Prop56
140
1.0
102
RTVSPost2010PropOp56
 70
     1
102
RTVSPost2010Prop57
140
1.0
102
RTVSPost2010PropOp57
 70
     1
  0
XRECORD
  5
12C
102
{ACAD_REACTORS
330
12B
102
}
330
12B
100
AcDbXrecord
280
     1
102
RTVSPropertyOp0
 70
     1
102
RTVSPropertyOp1
 70
     1
102
RTVSPropertyOp2
 70
     1
102
RTVSPropertyOp3
 70
     1
102
RTVSPropertyOp4
 70
     1
102
RTVSPropertyOp5
 70
     1
102
RTVSPropertyOp6
 70
     1
102
RTVSPropertyOp7
 70
     1
102
RTVSPropertyOp8
 70
     1
102
RTVSPropertyOp9
 70
     1
102
RTVSPropertyOp10
 70
     1
102
RTVSPropertyOp11
 70
     1
102
RTVSPropertyOp12
 70
     1
102
RTVSPropertyOp13
 70
     1
102
RTVSPropertyOp14
 70
     1
102
RTVSPropertyOp15
 70
     1
102
RTVSPropertyOp16
 70
     1
102
RTVSPropertyOp17
 70
     1
102
RTVSPropertyOp18
 70
     1
102
RTVSPropertyOp19
 70
     1
102
RTVSPropertyOp20
 70
     1
102
RTVSPropertyOp21
 70
     1
102
RTVSPropertyOp22
 70
     1
102
RTVSPropertyOp23
 70
     1
102
RTVSPropertyOp24
 70
     1
102
RTVSPropertyOp25
 70
     1
102
RTVSPropertyOp26
 70
     1
102
RTVSPropertyOp27
 70
     1
102
RTVSPropertyOp28
 70
     1
102
RTVSPropertyOp29
 70
     1
102
RTVSPropertyOp30
 70
     1
102
RTVSPropertyOp31
 70
     1
102
RTVSPropertyOp32
 70
     1
102
RTVSPropertyOp33
 70
     1
102
RTVSPropertyOp34
 70
     1
102
RTVSPropertyOp35
 70
     1
102
RTVSPropertyOp36
 70
     1
102
RTVSPropertyOp37
 70
     1
102
RTVSPropertyOp38
 70
     1
102
RTVSPropertyOp39
 70
     1
102
RTVSPropertyOp40
 70
     1
102
RTVSPropertyOp41
 70
     1
102
RTVSPropertyOp42
 70
     1
102
RTVSPropertyOp43
 70
     1
102
RTVSPropertyOp44
 70
     1
102
RTVSPropertyOp45
 70
     1
102
RTVSPropertyOp46
 70
     1
102
RTVSPropertyOp47
 70
     1
102
RTVSPropertyOp48
 70
     1
102
RTVSPropertyOp49
 70
     1
102
RTVSPropertyOp50
 70
     1
102
RTVSPropertyOp51
 70
     0
102
RTVSPropertyOp52
 70
     0
102
RTVSPropertyOp53
 70
     1
102
RTVSPropertyOp54
 70
     1
102
RTVSPropertyOp55
 70
     1
102
RTVSPropertyOp56
 70
     1
102
RTVSPropertyOp57
 70
     1
102
RTVSPost2010Prop28
280
     0
102
RTVSPost2010PropOp28
 70
     1
102
RTVSPost2010Prop29
280
     1
102
RTVSPost2010PropOp29
 70
     1
102
RTVSPost2010Prop30
280
     1
102
RTVSPost2010PropOp30
 70
     1
102
RTVSPost2010Prop31
280
     0
102
RTVSPost2010PropOp31
 70
     1
102
RTVSPost2010Prop32
280
     0
102
RTVSPost2010PropOp32
 70
     1
102
RTVSPost2010Prop33
280
     0
102
RTVSPost2010PropOp33
 70
     1
102
RTVSPost2010Prop34
280
     0
102
RTVSPost2010PropOp34
 70
     1
102
RTVSPost2010Prop35
280
     0
102
RTVSPost2010PropOp35
 70
     1
102
RTVSPost2010Prop36
280
     0
102
RTVSPost2010PropOp36
 70
     1
102
RTVSPost2010Prop37
 90
       50
102
RTVSPost2010PropOp37
 70
     1
102
RTVSPost2010Prop38
140
0.0
102
RTVSPost2010PropOp38
 70
     1
102
RTVSPost2010Prop39
140
1.0
102
RTVSPost2010PropOp39
 70
     1
102
RTVSPost2010Prop40
 90
        0
102
RTVSPost2010PropOp40
 70
     1
102
RTVSPost2010Prop41ColorIndex
 90
       18
102
RTVSPost2010Prop41ColorRGB
 90
        0
102
RTVSPost2010PropOp41
 70
     1
102
RTVSPost2010Prop42
 90
       50
102
RTVSPost2010PropOp42
 70
     1
102
RTVSPost2010Prop43
 90
        3
102
RTVSPost2010PropOp43
 70
     1
102
RTVSPost2010Prop44ColorIndex
 90
        5
102
RTVSPost2010Prop44ColorRGB
 90
      255
102
RTVSPost2010PropOp44
 70
     1
102
RTVSPost2010Prop45
280
     0
102
RTVSPost2010PropOp45
 70
     1
102
RTVSPost2010Prop46
 90
       50
102
RTVSPost2010PropOp46
 70
     1
102
RTVSPost2010Prop47
 90
       50
102
RTVSPost2010PropOp47
 70
     1
102
RTVSPost2010Prop48
 90
       50
102
RTVSPost2010PropOp48
 70
     1
102
RTVSPost2010Prop49
280
     0
102
RTVSPost2010PropOp49
 70
     1
102
RTVSPost2010Prop50
 90
       50
102
RTVSPost2010PropOp50
 70
     1
102
RTVSPost2010Prop51ColorIndex
 90
      256
102
RTVSPost2010Prop51ColorRGB
 90
-16777216
102
RTVSPost2010PropOp51
 70
     0
102
RTVSPost2010Prop52
140
1.0
102
RTVSPost2010PropOp52
 70
     0
102
RTVSPost2010Prop53
 90
        2
102
RTVSPost2010PropOp53
 70
     1
102
RTVSPost2010Prop54
  1
strokes_ogs.tif
102
RTVSPost2010PropOp54
 70
     1
102
RTVSPost2010Prop55
280
     0
102
RTVSPost2010PropOp55
 70
     1
102
RTVSPost2010Prop56
140
1.0
102
RTVSPost2010PropOp56
 70
     1
102
RTVSPost2010Prop57
140
1.0
102
RTVSPost2010PropOp57
 70
     1
  0
XRECORD
  5
13C
102
{ACAD_REACTORS
330
13B
102
}
330
13B
100
AcDbXrecord
280
     1
102
RTVSPropertyOp0
 70
     0
102
RTVSPropertyOp1
 70
     0
102
RTVSPropertyOp2
 70
     0
102
RTVSPropertyOp3
 70
     0
102
RTVSPropertyOp4
 70
     0
102
RTVSPropertyOp5
 70
     0
102
RTVSPropertyOp6
 70
     0
102
RTVSPropertyOp7
 70
     0
102
RTVSPropertyOp8
 70
     0
102
RTVSPropertyOp9
 70
     0
102
RTVSPropertyOp10
 70
     0
102
RTVSPropertyOp11
 70
     0
102
RTVSPropertyOp12
 70
     0
102
RTVSPropertyOp13
 70
     0
102
RTVSPropertyOp14
 70
     2
102
RTVSPropertyOp15
 70
     0
102
RTVSPropertyOp16
 70
     0
102
RTVSPropertyOp17
 70
     0
102
RTVSPropertyOp18
 70
     0
102
RTVSPropertyOp19
 70
     0
102
RTVSPropertyOp20
 70
     0
102
RTVSPropertyOp21
 70
     0
102
RTVSPropertyOp22
 70
     0
102
RTVSPropertyOp23
 70
     0
102
RTVSPropertyOp24
 70
     0
102
RTVSPropertyOp25
 70
     0
102
RTVSPropertyOp26
 70
     0
102
RTVSPropertyOp27
 70
     0
102
RTVSPropertyOp28
 70
     0
102
RTVSPropertyOp29
 70
     0
102
RTVSPropertyOp30
 70
     0
102
RTVSPropertyOp31
 70
     0
102
RTVSPropertyOp32
 70
     0
102
RTVSPropertyOp33
 70
     0
102
RTVSPropertyOp34
 70
     0
102
RTVSPropertyOp35
 70
     0
102
RTVSPropertyOp36
 70
     0
102
RTVSPropertyOp37
 70
     0
102
RTVSPropertyOp38
 70
     0
102
RTVSPropertyOp39
 70
     0
102
RTVSPropertyOp40
 70
     0
102
RTVSPropertyOp41
 70
     0
102
RTVSPropertyOp42
 70
     0
102
RTVSPropertyOp43
 70
     0
102
RTVSPropertyOp44
 70
     0
102
RTVSPropertyOp45
 70
     0
102
RTVSPropertyOp46
 70
     0
102
RTVSPropertyOp47
 70
     0
102
RTVSPropertyOp48
 70
     0
102
RTVSPropertyOp49
 70
     0
102
RTVSPropertyOp50
 70
     0
102
RTVSPropertyOp51
 70
     0
102
RTVSPropertyOp52
 70
     0
102
RTVSPropertyOp53
 70
     0
102
RTVSPropertyOp54
 70
     0
102
RTVSPropertyOp55
 70
     0
102
RTVSPropertyOp56
 70
     0
102
RTVSPropertyOp57
 70
     0
102
RTVSPost2010Prop28
280
     0
102
RTVSPost2010PropOp28
 70
     0
102
RTVSPost2010Prop29
280
     1
102
RTVSPost2010PropOp29
 70
     0
102
RTVSPost2010Prop30
280
     1
102
RTVSPost2010PropOp30
 70
     0
102
RTVSPost2010Prop31
280
     0
102
RTVSPost2010PropOp31
 70
     0
102
RTVSPost2010Prop32
280
     0
102
RTVSPost2010PropOp32
 70
     0
102
RTVSPost2010Prop33
280
     0
102
RTVSPost2010PropOp33
 70
     0
102
RTVSPost2010Prop34
280
     0
102
RTVSPost2010PropOp34
 70
     0
102
RTVSPost2010Prop35
280
     0
102
RTVSPost2010PropOp35
 70
     0
102
RTVSPost2010Prop36
280
     0
102
RTVSPost2010PropOp36
 70
     0
102
RTVSPost2010Prop37
 90
       50
102
RTVSPost2010PropOp37
 70
     0
102
RTVSPost2010Prop38
140
0.0
102
RTVSPost2010PropOp38
 70
     0
102
RTVSPost2010Prop39
140
1.0
102
RTVSPost2010PropOp39
 70
     0
102
RTVSPost2010Prop40
 90
        0
102
RTVSPost2010PropOp40
 70
     0
102
RTVSPost2010Prop41ColorIndex
 90
       18
102
RTVSPost2010Prop41ColorRGB
 90
        0
102
RTVSPost2010PropOp41
 70
     0
102
RTVSPost2010Prop42
 90
       50
102
RTVSPost2010PropOp42
 70
     0
102
RTVSPost2010Prop43
 90
        3
102
RTVSPost2010PropOp43
 70
     0
102
RTVSPost2010Prop44ColorIndex
 90
        5
102
RTVSPost2010Prop44ColorRGB
 90
      255
102
RTVSPost2010PropOp44
 70
     0
102
RTVSPost2010Prop45
280
     0
102
RTVSPost2010PropOp45
 70
     0
102
RTVSPost2010Prop46
 90
       50
102
RTVSPost2010PropOp46
 70
     0
102
RTVSPost2010Prop47
 90
       50
102
RTVSPost2010PropOp47
 70
     0
102
RTVSPost2010Prop48
 90
       50
102
RTVSPost2010PropOp48
 70
     0
102
RTVSPost2010Prop49
280
     0
102
RTVSPost2010PropOp49
 70
     0
102
RTVSPost2010Prop50
 90
       50
102
RTVSPost2010PropOp50
 70
     0
102
RTVSPost2010Prop51ColorIndex
 90
      256
102
RTVSPost2010Prop51ColorRGB
 90
-16777216
102
RTVSPost2010PropOp51
 70
     0
102
RTVSPost2010Prop52
140
1.0
102
RTVSPost2010PropOp52
 70
     0
102
RTVSPost2010Prop53
 90
        2
102
RTVSPost2010PropOp53
 70
     0
102
RTVSPost2010Prop54
  1
strokes_ogs.tif
102
RTVSPost2010PropOp54
 70
     0
102
RTVSPost2010Prop55
280
     0
102
RTVSPost2010PropOp55
 70
     0
102
RTVSPost2010Prop56
140
1.0
102
RTVSPost2010PropOp56
 70
     0
102
RTVSPost2010Prop57
140
1.0
102
RTVSPost2010PropOp57
 70
     0
  0
XRECORD
  5
134
102
{ACAD_REACTORS
330
133
102
}
330
133
100
AcDbXrecord
280
     1
102
RTVSPropertyOp0
 70
     1
102
RTVSPropertyOp1
 70
     1
102
RTVSPropertyOp2
 70
     1
102
RTVSPropertyOp3
 70
     1
102
RTVSPropertyOp4
 70
     1
102
RTVSPropertyOp5
 70
     1
102
RTVSPropertyOp6
 70
     1
102
RTVSPropertyOp7
 70
     1
102
RTVSPropertyOp8
 70
     1
102
RTVSPropertyOp9
 70
     1
102
RTVSPropertyOp10
 70
     1
102
RTVSPropertyOp11
 70
     1
102
RTVSPropertyOp12
 70
     1
102
RTVSPropertyOp13
 70
     1
102
RTVSPropertyOp14
 70
     1
102
RTVSPropertyOp15
 70
     1
102
RTVSPropertyOp16
 70
     1
102
RTVSPropertyOp17
 70
     1
102
RTVSPropertyOp18
 70
     1
102
RTVSPropertyOp19
 70
     1
102
RTVSPropertyOp20
 70
     1
102
RTVSPropertyOp21
 70
     1
102
RTVSPropertyOp22
 70
     1
102
RTVSPropertyOp23
 70
     1
102
RTVSPropertyOp24
 70
     1
102
RTVSPropertyOp25
 70
     1
102
RTVSPropertyOp26
 70
     1
102
RTVSPropertyOp27
 70
     1
102
RTVSPropertyOp28
 70
     1
102
RTVSPropertyOp29
 70
     1
102
RTVSPropertyOp30
 70
     1
102
RTVSPropertyOp31
 70
     1
102
RTVSPropertyOp32
 70
     1
102
RTVSPropertyOp33
 70
     1
102
RTVSPropertyOp34
 70
     1
102
RTVSPropertyOp35
 70
     1
102
RTVSPropertyOp36
 70
     1
102
RTVSPropertyOp37
 70
     1
102
RTVSPropertyOp38
 70
     1
102
RTVSPropertyOp39
 70
     1
102
RTVSPropertyOp40
 70
     1
102
RTVSPropertyOp41
 70
     1
102
RTVSPropertyOp42
 70
     1
102
RTVSPropertyOp43
 70
     1
102
RTVSPropertyOp44
 70
     1
102
RTVSPropertyOp45
 70
     1
102
RTVSPropertyOp46
 70
     1
102
RTVSPropertyOp47
 70
     1
102
RTVSPropertyOp48
 70
     1
102
RTVSPropertyOp49
 70
     1
102
RTVSPropertyOp50
 70
     1
102
RTVSPropertyOp51
 70
     0
102
RTVSPropertyOp52
 70
     0
102
RTVSPropertyOp53
 70
     1
102
RTVSPropertyOp54
 70
     1
102
RTVSPropertyOp55
 70
     1
102
RTVSPropertyOp56
 70
     1
102
RTVSPropertyOp57
 70
     1
102
RTVSPost2010Prop28
280
     0
102
RTVSPost2010PropOp28
 70
     1
102
RTVSPost2010Prop29
280
     1
102
RTVSPost2010PropOp29
 70
     1
102
RTVSPost2010Prop30
280
     1
102
RTVSPost2010PropOp30
 70
     1
102
RTVSPost2010Prop31
280
     0
102
RTVSPost2010PropOp31
 70
     1
102
RTVSPost2010Prop32
280
     0
102
RTVSPost2010PropOp32
 70
     1
102
RTVSPost2010Prop33
280
     0
102
RTVSPost2010PropOp33
 70
     1
102
RTVSPost2010Prop34
280
     0
102
RTVSPost2010PropOp34
 70
     1
102
RTVSPost2010Prop35
280
     0
102
RTVSPost2010PropOp35
 70
     1
102
RTVSPost2010Prop36
280
     0
102
RTVSPost2010PropOp36
 70
     1
102
RTVSPost2010Prop37
 90
       50
102
RTVSPost2010PropOp37
 70
     1
102
RTVSPost2010Prop38
140
0.0
102
RTVSPost2010PropOp38
 70
     1
102
RTVSPost2010Prop39
140
1.0
102
RTVSPost2010PropOp39
 70
     1
102
RTVSPost2010Prop40
 90
        0
102
RTVSPost2010PropOp40
 70
     1
102
RTVSPost2010Prop41ColorIndex
 90
       18
102
RTVSPost2010Prop41ColorRGB
 90
        0
102
RTVSPost2010PropOp41
 70
     1
102
RTVSPost2010Prop42
 90
       50
102
RTVSPost2010PropOp42
 70
     1
102
RTVSPost2010Prop43
 90
        3
102
RTVSPost2010PropOp43
 70
     1
102
RTVSPost2010Prop44ColorIndex
 90
        5
102
RTVSPost2010Prop44ColorRGB
 90
      255
102
RTVSPost2010PropOp44
 70
     1
102
RTVSPost2010Prop45
280
     0
102
RTVSPost2010PropOp45
 70
     1
102
RTVSPost2010Prop46
 90
       50
102
RTVSPost2010PropOp46
 70
     1
102
RTVSPost2010Prop47
 90
       50
102
RTVSPost2010PropOp47
 70
     1
102
RTVSPost2010Prop48
 90
       50
102
RTVSPost2010PropOp48
 70
     1
102
RTVSPost2010Prop49
280
     0
102
RTVSPost2010PropOp49
 70
     1
102
RTVSPost2010Prop50
 90
       50
102
RTVSPost2010PropOp50
 70
     1
102
RTVSPost2010Prop51ColorIndex
 90
      256
102
RTVSPost2010Prop51ColorRGB
 90
-16777216
102
RTVSPost2010PropOp51
 70
     0
102
RTVSPost2010Prop52
140
1.0
102
RTVSPost2010PropOp52
 70
     0
102
RTVSPost2010Prop53
 90
        2
102
RTVSPost2010PropOp53
 70
     1
102
RTVSPost2010Prop54
  1
strokes_ogs.tif
102
RTVSPost2010PropOp54
 70
     1
102
RTVSPost2010Prop55
280
     0
102
RTVSPost2010PropOp55
 70
     1
102
RTVSPost2010Prop56
140
1.0
102
RTVSPost2010PropOp56
 70
     1
102
RTVSPost2010Prop57
140
1.0
102
RTVSPost2010PropOp57
 70
     1
  0
XRECORD
  5
118
102
{ACAD_REACTORS
330
117
102
}
330
117
100
AcDbXrecord
280
     1
102
RTVSPropertyOp0
 70
     1
102
RTVSPropertyOp1
 70
     1
102
RTVSPropertyOp2
 70
     1
102
RTVSPropertyOp3
 70
     1
102
RTVSPropertyOp4
 70
     1
102
RTVSPropertyOp5
 70
     1
102
RTVSPropertyOp6
 70
     1
102
RTVSPropertyOp7
 70
     1
102
RTVSPropertyOp8
 70
     1
102
RTVSPropertyOp9
 70
     1
102
RTVSPropertyOp10
 70
     1
102
RTVSPropertyOp11
 70
     1
102
RTVSPropertyOp12
 70
     1
102
RTVSPropertyOp13
 70
     1
102
RTVSPropertyOp14
 70
     1
102
RTVSPropertyOp15
 70
     1
102
RTVSPropertyOp16
 70
     1
102
RTVSPropertyOp17
 70
     1
102
RTVSPropertyOp18
 70
     1
102
RTVSPropertyOp19
 70
     1
102
RTVSPropertyOp20
 70
     1
102
RTVSPropertyOp21
 70
     1
102
RTVSPropertyOp22
 70
     1
102
RTVSPropertyOp23
 70
     1
102
RTVSPropertyOp24
 70
     1
102
RTVSPropertyOp25
 70
     1
102
RTVSPropertyOp26
 70
     1
102
RTVSPropertyOp27
 70
     1
102
RTVSPropertyOp28
 70
     1
102
RTVSPropertyOp29
 70
     1
102
RTVSPropertyOp30
 70
     1
102
RTVSPropertyOp31
 70
     1
102
RTVSPropertyOp32
 70
     1
102
RTVSPropertyOp33
 70
     1
102
RTVSPropertyOp34
 70
     1
102
RTVSPropertyOp35
 70
     1
102
RTVSPropertyOp36
 70
     1
102
RTVSPropertyOp37
 70
     1
102
RTVSPropertyOp38
 70
     1
102
RTVSPropertyOp39
 70
     1
102
RTVSPropertyOp40
 70
     1
102
RTVSPropertyOp41
 70
     1
102
RTVSPropertyOp42
 70
     1
102
RTVSPropertyOp43
 70
     1
102
RTVSPropertyOp44
 70
     1
102
RTVSPropertyOp45
 70
     1
102
RTVSPropertyOp46
 70
     1
102
RTVSPropertyOp47
 70
     1
102
RTVSPropertyOp48
 70
     1
102
RTVSPropertyOp49
 70
     1
102
RTVSPropertyOp50
 70
     1
102
RTVSPropertyOp51
 70
     0
102
RTVSPropertyOp52
 70
     0
102
RTVSPropertyOp53
 70
     1
102
RTVSPropertyOp54
 70
     1
102
RTVSPropertyOp55
 70
     1
102
RTVSPropertyOp56
 70
     1
102
RTVSPropertyOp57
 70
     1
102
RTVSPost2010Prop28
280
     0
102
RTVSPost2010PropOp28
 70
     1
102
RTVSPost2010Prop29
280
     1
102
RTVSPost2010PropOp29
 70
     1
102
RTVSPost2010Prop30
280
     1
102
RTVSPost2010PropOp30
 70
     1
102
RTVSPost2010Prop31
280
     0
102
RTVSPost2010PropOp31
 70
     1
102
RTVSPost2010Prop32
280
     0
102
RTVSPost2010PropOp32
 70
     1
102
RTVSPost2010Prop33
280
     0
102
RTVSPost2010PropOp33
 70
     1
102
RTVSPost2010Prop34
280
     0
102
RTVSPost2010PropOp34
 70
     1
102
RTVSPost2010Prop35
280
     0
102
RTVSPost2010PropOp35
 70
     1
102
RTVSPost2010Prop36
280
     0
102
RTVSPost2010PropOp36
 70
     1
102
RTVSPost2010Prop37
 90
       50
102
RTVSPost2010PropOp37
 70
     1
102
RTVSPost2010Prop38
140
0.0
102
RTVSPost2010PropOp38
 70
     1
102
RTVSPost2010Prop39
140
1.0
102
RTVSPost2010PropOp39
 70
     1
102
RTVSPost2010Prop40
 90
        0
102
RTVSPost2010PropOp40
 70
     1
102
RTVSPost2010Prop41ColorIndex
 90
       18
102
RTVSPost2010Prop41ColorRGB
 90
        0
102
RTVSPost2010PropOp41
 70
     1
102
RTVSPost2010Prop42
 90
       50
102
RTVSPost2010PropOp42
 70
     1
102
RTVSPost2010Prop43
 90
        3
102
RTVSPost2010PropOp43
 70
     1
102
RTVSPost2010Prop44ColorIndex
 90
        5
102
RTVSPost2010Prop44ColorRGB
 90
      255
102
RTVSPost2010PropOp44
 70
     1
102
RTVSPost2010Prop45
280
     0
102
RTVSPost2010PropOp45
 70
     1
102
RTVSPost2010Prop46
 90
       50
102
RTVSPost2010PropOp46
 70
     1
102
RTVSPost2010Prop47
 90
       50
102
RTVSPost2010PropOp47
 70
     1
102
RTVSPost2010Prop48
 90
       50
102
RTVSPost2010PropOp48
 70
     1
102
RTVSPost2010Prop49
280
     0
102
RTVSPost2010PropOp49
 70
     1
102
RTVSPost2010Prop50
 90
       50
102
RTVSPost2010PropOp50
 70
     1
102
RTVSPost2010Prop51ColorIndex
 90
      256
102
RTVSPost2010Prop51ColorRGB
 90
-16777216
102
RTVSPost2010PropOp51
 70
     0
102
RTVSPost2010Prop52
140
1.0
102
RTVSPost2010PropOp52
 70
     0
102
RTVSPost2010Prop53
 90
        2
102
RTVSPost2010PropOp53
 70
     1
102
RTVSPost2010Prop54
  1
strokes_ogs.tif
102
RTVSPost2010PropOp54
 70
     1
102
RTVSPost2010Prop55
280
     0
102
RTVSPost2010PropOp55
 70
     1
102
RTVSPost2010Prop56
140
1.0
102
RTVSPost2010PropOp56
 70
     1
102
RTVSPost2010Prop57
140
1.0
102
RTVSPost2010PropOp57
 70
     1
  0
XRECORD
  5
11A
102
{ACAD_REACTORS
330
119
102
}
330
119
100
AcDbXrecord
280
     1
102
RTVSPropertyOp0
 70
     1
102
RTVSPropertyOp1
 70
     1
102
RTVSPropertyOp2
 70
     1
102
RTVSPropertyOp3
 70
     1
102
RTVSPropertyOp4
 70
     1
102
RTVSPropertyOp5
 70
     1
102
RTVSPropertyOp6
 70
     1
102
RTVSPropertyOp7
 70
     1
102
RTVSPropertyOp8
 70
     1
102
RTVSPropertyOp9
 70
     1
102
RTVSPropertyOp10
 70
     1
102
RTVSPropertyOp11
 70
     1
102
RTVSPropertyOp12
 70
     1
102
RTVSPropertyOp13
 70
     1
102
RTVSPropertyOp14
 70
     1
102
RTVSPropertyOp15
 70
     1
102
RTVSPropertyOp16
 70
     1
102
RTVSPropertyOp17
 70
     1
102
RTVSPropertyOp18
 70
     1
102
RTVSPropertyOp19
 70
     1
102
RTVSPropertyOp20
 70
     1
102
RTVSPropertyOp21
 70
     1
102
RTVSPropertyOp22
 70
     1
102
RTVSPropertyOp23
 70
     1
102
RTVSPropertyOp24
 70
     1
102
RTVSPropertyOp25
 70
     1
102
RTVSPropertyOp26
 70
     1
102
RTVSPropertyOp27
 70
     1
102
RTVSPropertyOp28
 70
     1
102
RTVSPropertyOp29
 70
     1
102
RTVSPropertyOp30
 70
     1
102
RTVSPropertyOp31
 70
     1
102
RTVSPropertyOp32
 70
     1
102
RTVSPropertyOp33
 70
     1
102
RTVSPropertyOp34
 70
     1
102
RTVSPropertyOp35
 70
     1
102
RTVSPropertyOp36
 70
     1
102
RTVSPropertyOp37
 70
     1
102
RTVSPropertyOp38
 70
     1
102
RTVSPropertyOp39
 70
     1
102
RTVSPropertyOp40
 70
     1
102
RTVSPropertyOp41
 70
     1
102
RTVSPropertyOp42
 70
     1
102
RTVSPropertyOp43
 70
     1
102
RTVSPropertyOp44
 70
     1
102
RTVSPropertyOp45
 70
     1
102
RTVSPropertyOp46
 70
     1
102
RTVSPropertyOp47
 70
     1
102
RTVSPropertyOp48
 70
     1
102
RTVSPropertyOp49
 70
     1
102
RTVSPropertyOp50
 70
     1
102
RTVSPropertyOp51
 70
     0
102
RTVSPropertyOp52
 70
     0
102
RTVSPropertyOp53
 70
     1
102
RTVSPropertyOp54
 70
     1
102
RTVSPropertyOp55
 70
     1
102
RTVSPropertyOp56
 70
     1
102
RTVSPropertyOp57
 70
     1
102
RTVSPost2010Prop28
280
     0
102
RTVSPost2010PropOp28
 70
     1
102
RTVSPost2010Prop29
280
     1
102
RTVSPost2010PropOp29
 70
     1
102
RTVSPost2010Prop30
280
     1
102
RTVSPost2010PropOp30
 70
     1
102
RTVSPost2010Prop31
280
     0
102
RTVSPost2010PropOp31
 70
     1
102
RTVSPost2010Prop32
280
     0
102
RTVSPost2010PropOp32
 70
     1
102
RTVSPost2010Prop33
280
     0
102
RTVSPost2010PropOp33
 70
     1
102
RTVSPost2010Prop34
280
     0
102
RTVSPost2010PropOp34
 70
     1
102
RTVSPost2010Prop35
280
     0
102
RTVSPost2010PropOp35
 70
     1
102
RTVSPost2010Prop36
280
     0
102
RTVSPost2010PropOp36
 70
     1
102
RTVSPost2010Prop37
 90
       50
102
RTVSPost2010PropOp37
 70
     1
102
RTVSPost2010Prop38
140
0.0
102
RTVSPost2010PropOp38
 70
     1
102
RTVSPost2010Prop39
140
1.0
102
RTVSPost2010PropOp39
 70
     1
102
RTVSPost2010Prop40
 90
        0
102
RTVSPost2010PropOp40
 70
     1
102
RTVSPost2010Prop41ColorIndex
 90
       18
102
RTVSPost2010Prop41ColorRGB
 90
        0
102
RTVSPost2010PropOp41
 70
     1
102
RTVSPost2010Prop42
 90
       50
102
RTVSPost2010PropOp42
 70
     1
102
RTVSPost2010Prop43
 90
        3
102
RTVSPost2010PropOp43
 70
     1
102
RTVSPost2010Prop44ColorIndex
 90
        5
102
RTVSPost2010Prop44ColorRGB
 90
      255
102
RTVSPost2010PropOp44
 70
     1
102
RTVSPost2010Prop45
280
     0
102
RTVSPost2010PropOp45
 70
     1
102
RTVSPost2010Prop46
 90
       50
102
RTVSPost2010PropOp46
 70
     1
102
RTVSPost2010Prop47
 90
       50
102
RTVSPost2010PropOp47
 70
     1
102
RTVSPost2010Prop48
 90
       50
102
RTVSPost2010PropOp48
 70
     1
102
RTVSPost2010Prop49
280
     0
102
RTVSPost2010PropOp49
 70
     1
102
RTVSPost2010Prop50
 90
       50
102
RTVSPost2010PropOp50
 70
     1
102
RTVSPost2010Prop51ColorIndex
 90
      256
102
RTVSPost2010Prop51ColorRGB
 90
-16777216
102
RTVSPost2010PropOp51
 70
     0
102
RTVSPost2010Prop52
140
1.0
102
RTVSPost2010PropOp52
 70
     0
102
RTVSPost2010Prop53
 90
        2
102
RTVSPost2010PropOp53
 70
     1
102
RTVSPost2010Prop54
  1
strokes_ogs.tif
102
RTVSPost2010PropOp54
 70
     1
102
RTVSPost2010Prop55
280
     0
102
RTVSPost2010PropOp55
 70
     1
102
RTVSPost2010Prop56
140
1.0
102
RTVSPost2010PropOp56
 70
     1
102
RTVSPost2010Prop57
140
1.0
102
RTVSPost2010PropOp57
 70
     1
  0
XRECORD
  5
11C
102
{ACAD_REACTORS
330
11B
102
}
330
11B
100
AcDbXrecord
280
     1
102
RTVSPropertyOp0
 70
     1
102
RTVSPropertyOp1
 70
     1
102
RTVSPropertyOp2
 70
     1
102
RTVSPropertyOp3
 70
     1
102
RTVSPropertyOp4
 70
     1
102
RTVSPropertyOp5
 70
     1
102
RTVSPropertyOp6
 70
     1
102
RTVSPropertyOp7
 70
     1
102
RTVSPropertyOp8
 70
     1
102
RTVSPropertyOp9
 70
     1
102
RTVSPropertyOp10
 70
     1
102
RTVSPropertyOp11
 70
     1
102
RTVSPropertyOp12
 70
     1
102
RTVSPropertyOp13
 70
     1
102
RTVSPropertyOp14
 70
     1
102
RTVSPropertyOp15
 70
     1
102
RTVSPropertyOp16
 70
     1
102
RTVSPropertyOp17
 70
     1
102
RTVSPropertyOp18
 70
     1
102
RTVSPropertyOp19
 70
     1
102
RTVSPropertyOp20
 70
     1
102
RTVSPropertyOp21
 70
     1
102
RTVSPropertyOp22
 70
     1
102
RTVSPropertyOp23
 70
     1
102
RTVSPropertyOp24
 70
     1
102
RTVSPropertyOp25
 70
     1
102
RTVSPropertyOp26
 70
     1
102
RTVSPropertyOp27
 70
     1
102
RTVSPropertyOp28
 70
     1
102
RTVSPropertyOp29
 70
     1
102
RTVSPropertyOp30
 70
     1
102
RTVSPropertyOp31
 70
     1
102
RTVSPropertyOp32
 70
     1
102
RTVSPropertyOp33
 70
     1
102
RTVSPropertyOp34
 70
     1
102
RTVSPropertyOp35
 70
     1
102
RTVSPropertyOp36
 70
     1
102
RTVSPropertyOp37
 70
     1
102
RTVSPropertyOp38
 70
     1
102
RTVSPropertyOp39
 70
     1
102
RTVSPropertyOp40
 70
     1
102
RTVSPropertyOp41
 70
     1
102
RTVSPropertyOp42
 70
     1
102
RTVSPropertyOp43
 70
     1
102
RTVSPropertyOp44
 70
     1
102
RTVSPropertyOp45
 70
     1
102
RTVSPropertyOp46
 70
     1
102
RTVSPropertyOp47
 70
     1
102
RTVSPropertyOp48
 70
     1
102
RTVSPropertyOp49
 70
     1
102
RTVSPropertyOp50
 70
     1
102
RTVSPropertyOp51
 70
     0
102
RTVSPropertyOp52
 70
     0
102
RTVSPropertyOp53
 70
     1
102
RTVSPropertyOp54
 70
     1
102
RTVSPropertyOp55
 70
     1
102
RTVSPropertyOp56
 70
     1
102
RTVSPropertyOp57
 70
     1
102
RTVSPost2010Prop28
280
     0
102
RTVSPost2010PropOp28
 70
     1
102
RTVSPost2010Prop29
280
     1
102
RTVSPost2010PropOp29
 70
     1
102
RTVSPost2010Prop30
280
     1
102
RTVSPost2010PropOp30
 70
     1
102
RTVSPost2010Prop31
280
     0
102
RTVSPost2010PropOp31
 70
     1
102
RTVSPost2010Prop32
280
     0
102
RTVSPost2010PropOp32
 70
     1
102
RTVSPost2010Prop33
280
     0
102
RTVSPost2010PropOp33
 70
     1
102
RTVSPost2010Prop34
280
     0
102
RTVSPost2010PropOp34
 70
     1
102
RTVSPost2010Prop35
280
     0
102
RTVSPost2010PropOp35
 70
     1
102
RTVSPost2010Prop36
280
     0
102
RTVSPost2010PropOp36
 70
     1
102
RTVSPost2010Prop37
 90
       50
102
RTVSPost2010PropOp37
 70
     1
102
RTVSPost2010Prop38
140
0.0
102
RTVSPost2010PropOp38
 70
     1
102
RTVSPost2010Prop39
140
1.0
102
RTVSPost2010PropOp39
 70
     1
102
RTVSPost2010Prop40
 90
        0
102
RTVSPost2010PropOp40
 70
     1
102
RTVSPost2010Prop41ColorIndex
 90
       18
102
RTVSPost2010Prop41ColorRGB
 90
        0
102
RTVSPost2010PropOp41
 70
     1
102
RTVSPost2010Prop42
 90
       50
102
RTVSPost2010PropOp42
 70
     1
102
RTVSPost2010Prop43
 90
        3
102
RTVSPost2010PropOp43
 70
     1
102
RTVSPost2010Prop44ColorIndex
 90
        5
102
RTVSPost2010Prop44ColorRGB
 90
      255
102
RTVSPost2010PropOp44
 70
     1
102
RTVSPost2010Prop45
280
     0
102
RTVSPost2010PropOp45
 70
     1
102
RTVSPost2010Prop46
 90
       50
102
RTVSPost2010PropOp46
 70
     1
102
RTVSPost2010Prop47
 90
       50
102
RTVSPost2010PropOp47
 70
     1
102
RTVSPost2010Prop48
 90
       50
102
RTVSPost2010PropOp48
 70
     1
102
RTVSPost2010Prop49
280
     0
102
RTVSPost2010PropOp49
 70
     1
102
RTVSPost2010Prop50
 90
       50
102
RTVSPost2010PropOp50
 70
     1
102
RTVSPost2010Prop51ColorIndex
 90
      256
102
RTVSPost2010Prop51ColorRGB
 90
-16777216
102
RTVSPost2010PropOp51
 70
     0
102
RTVSPost2010Prop52
140
1.0
102
RTVSPost2010PropOp52
 70
     0
102
RTVSPost2010Prop53
 90
        2
102
RTVSPost2010PropOp53
 70
     1
102
RTVSPost2010Prop54
  1
strokes_ogs.tif
102
RTVSPost2010PropOp54
 70
     1
102
RTVSPost2010Prop55
280
     0
102
RTVSPost2010PropOp55
 70
     1
102
RTVSPost2010Prop56
140
1.0
102
RTVSPost2010PropOp56
 70
     1
102
RTVSPost2010Prop57
140
1.0
102
RTVSPost2010PropOp57
 70
     1
  0
XRECORD
  5
11E
102
{ACAD_REACTORS
330
11D
102
}
330
11D
100
AcDbXrecord
280
     1
102
RTVSPropertyOp0
 70
     1
102
RTVSPropertyOp1
 70
     1
102
RTVSPropertyOp2
 70
     1
102
RTVSPropertyOp3
 70
     1
102
RTVSPropertyOp4
 70
     1
102
RTVSPropertyOp5
 70
     1
102
RTVSPropertyOp6
 70
     1
102
RTVSPropertyOp7
 70
     1
102
RTVSPropertyOp8
 70
     1
102
RTVSPropertyOp9
 70
     1
102
RTVSPropertyOp10
 70
     1
102
RTVSPropertyOp11
 70
     1
102
RTVSPropertyOp12
 70
     1
102
RTVSPropertyOp13
 70
     1
102
RTVSPropertyOp14
 70
     1
102
RTVSPropertyOp15
 70
     1
102
RTVSPropertyOp16
 70
     1
102
RTVSPropertyOp17
 70
     1
102
RTVSPropertyOp18
 70
     1
102
RTVSPropertyOp19
 70
     1
102
RTVSPropertyOp20
 70
     1
102
RTVSPropertyOp21
 70
     1
102
RTVSPropertyOp22
 70
     1
102
RTVSPropertyOp23
 70
     1
102
RTVSPropertyOp24
 70
     1
102
RTVSPropertyOp25
 70
     1
102
RTVSPropertyOp26
 70
     1
102
RTVSPropertyOp27
 70
     1
102
RTVSPropertyOp28
 70
     1
102
RTVSPropertyOp29
 70
     1
102
RTVSPropertyOp30
 70
     1
102
RTVSPropertyOp31
 70
     1
102
RTVSPropertyOp32
 70
     1
102
RTVSPropertyOp33
 70
     1
102
RTVSPropertyOp34
 70
     1
102
RTVSPropertyOp35
 70
     1
102
RTVSPropertyOp36
 70
     1
102
RTVSPropertyOp37
 70
     1
102
RTVSPropertyOp38
 70
     1
102
RTVSPropertyOp39
 70
     1
102
RTVSPropertyOp40
 70
     1
102
RTVSPropertyOp41
 70
     1
102
RTVSPropertyOp42
 70
     1
102
RTVSPropertyOp43
 70
     1
102
RTVSPropertyOp44
 70
     1
102
RTVSPropertyOp45
 70
     1
102
RTVSPropertyOp46
 70
     1
102
RTVSPropertyOp47
 70
     1
102
RTVSPropertyOp48
 70
     1
102
RTVSPropertyOp49
 70
     1
102
RTVSPropertyOp50
 70
     1
102
RTVSPropertyOp51
 70
     0
102
RTVSPropertyOp52
 70
     0
102
RTVSPropertyOp53
 70
     1
102
RTVSPropertyOp54
 70
     1
102
RTVSPropertyOp55
 70
     1
102
RTVSPropertyOp56
 70
     1
102
RTVSPropertyOp57
 70
     1
102
RTVSPost2010Prop28
280
     0
102
RTVSPost2010PropOp28
 70
     1
102
RTVSPost2010Prop29
280
     1
102
RTVSPost2010PropOp29
 70
     1
102
RTVSPost2010Prop30
280
     1
102
RTVSPost2010PropOp30
 70
     1
102
RTVSPost2010Prop31
280
     0
102
RTVSPost2010PropOp31
 70
     1
102
RTVSPost2010Prop32
280
     0
102
RTVSPost2010PropOp32
 70
     1
102
RTVSPost2010Prop33
280
     0
102
RTVSPost2010PropOp33
 70
     1
102
RTVSPost2010Prop34
280
     0
102
RTVSPost2010PropOp34
 70
     1
102
RTVSPost2010Prop35
280
     0
102
RTVSPost2010PropOp35
 70
     1
102
RTVSPost2010Prop36
280
     0
102
RTVSPost2010PropOp36
 70
     1
102
RTVSPost2010Prop37
 90
       50
102
RTVSPost2010PropOp37
 70
     1
102
RTVSPost2010Prop38
140
0.0
102
RTVSPost2010PropOp38
 70
     1
102
RTVSPost2010Prop39
140
1.0
102
RTVSPost2010PropOp39
 70
     1
102
RTVSPost2010Prop40
 90
        0
102
RTVSPost2010PropOp40
 70
     1
102
RTVSPost2010Prop41ColorIndex
 90
       18
102
RTVSPost2010Prop41ColorRGB
 90
        0
102
RTVSPost2010PropOp41
 70
     1
102
RTVSPost2010Prop42
 90
       50
102
RTVSPost2010PropOp42
 70
     1
102
RTVSPost2010Prop43
 90
        3
102
RTVSPost2010PropOp43
 70
     1
102
RTVSPost2010Prop44ColorIndex
 90
        5
102
RTVSPost2010Prop44ColorRGB
 90
      255
102
RTVSPost2010PropOp44
 70
     1
102
RTVSPost2010Prop45
280
     0
102
RTVSPost2010PropOp45
 70
     1
102
RTVSPost2010Prop46
 90
       50
102
RTVSPost2010PropOp46
 70
     1
102
RTVSPost2010Prop47
 90
       50
102
RTVSPost2010PropOp47
 70
     1
102
RTVSPost2010Prop48
 90
       50
102
RTVSPost2010PropOp48
 70
     1
102
RTVSPost2010Prop49
280
     0
102
RTVSPost2010PropOp49
 70
     1
102
RTVSPost2010Prop50
 90
       50
102
RTVSPost2010PropOp50
 70
     1
102
RTVSPost2010Prop51ColorIndex
 90
      256
102
RTVSPost2010Prop51ColorRGB
 90
-16777216
102
RTVSPost2010PropOp51
 70
     0
102
RTVSPost2010Prop52
140
1.0
102
RTVSPost2010PropOp52
 70
     0
102
RTVSPost2010Prop53
 90
        2
102
RTVSPost2010PropOp53
 70
     1
102
RTVSPost2010Prop54
  1
strokes_ogs.tif
102
RTVSPost2010PropOp54
 70
     1
102
RTVSPost2010Prop55
280
     0
102
RTVSPost2010PropOp55
 70
     1
102
RTVSPost2010Prop56
140
1.0
102
RTVSPost2010PropOp56
 70
     1
102
RTVSPost2010Prop57
140
1.0
102
RTVSPost2010PropOp57
 70
     1
  0
XRECORD
  5
124
102
{ACAD_REACTORS
330
123
102
}
330
123
100
AcDbXrecord
280
     1
102
RTVSPropertyOp0
 70
     1
102
RTVSPropertyOp1
 70
     1
102
RTVSPropertyOp2
 70
     1
102
RTVSPropertyOp3
 70
     1
102
RTVSPropertyOp4
 70
     1
102
RTVSPropertyOp5
 70
     1
102
RTVSPropertyOp6
 70
     1
102
RTVSPropertyOp7
 70
     1
102
RTVSPropertyOp8
 70
     1
102
RTVSPropertyOp9
 70
     1
102
RTVSPropertyOp10
 70
     1
102
RTVSPropertyOp11
 70
     1
102
RTVSPropertyOp12
 70
     1
102
RTVSPropertyOp13
 70
     1
102
RTVSPropertyOp14
 70
     1
102
RTVSPropertyOp15
 70
     1
102
RTVSPropertyOp16
 70
     1
102
RTVSPropertyOp17
 70
     1
102
RTVSPropertyOp18
 70
     1
102
RTVSPropertyOp19
 70
     1
102
RTVSPropertyOp20
 70
     1
102
RTVSPropertyOp21
 70
     1
102
RTVSPropertyOp22
 70
     1
102
RTVSPropertyOp23
 70
     1
102
RTVSPropertyOp24
 70
     1
102
RTVSPropertyOp25
 70
     1
102
RTVSPropertyOp26
 70
     1
102
RTVSPropertyOp27
 70
     1
102
RTVSPropertyOp28
 70
     1
102
RTVSPropertyOp29
 70
     1
102
RTVSPropertyOp30
 70
     1
102
RTVSPropertyOp31
 70
     1
102
RTVSPropertyOp32
 70
     1
102
RTVSPropertyOp33
 70
     1
102
RTVSPropertyOp34
 70
     1
102
RTVSPropertyOp35
 70
     1
102
RTVSPropertyOp36
 70
     1
102
RTVSPropertyOp37
 70
     1
102
RTVSPropertyOp38
 70
     1
102
RTVSPropertyOp39
 70
     1
102
RTVSPropertyOp40
 70
     1
102
RTVSPropertyOp41
 70
     1
102
RTVSPropertyOp42
 70
     1
102
RTVSPropertyOp43
 70
     1
102
RTVSPropertyOp44
 70
     1
102
RTVSPropertyOp45
 70
     1
102
RTVSPropertyOp46
 70
     1
102
RTVSPropertyOp47
 70
     1
102
RTVSPropertyOp48
 70
     1
102
RTVSPropertyOp49
 70
     1
102
RTVSPropertyOp50
 70
     1
102
RTVSPropertyOp51
 70
     0
102
RTVSPropertyOp52
 70
     0
102
RTVSPropertyOp53
 70
     1
102
RTVSPropertyOp54
 70
     1
102
RTVSPropertyOp55
 70
     1
102
RTVSPropertyOp56
 70
     1
102
RTVSPropertyOp57
 70
     1
102
RTVSPost2010Prop28
280
     0
102
RTVSPost2010PropOp28
 70
     1
102
RTVSPost2010Prop29
280
     1
102
RTVSPost2010PropOp29
 70
     1
102
RTVSPost2010Prop30
280
     1
102
RTVSPost2010PropOp30
 70
     1
102
RTVSPost2010Prop31
280
     0
102
RTVSPost2010PropOp31
 70
     1
102
RTVSPost2010Prop32
280
     0
102
RTVSPost2010PropOp32
 70
     1
102
RTVSPost2010Prop33
280
     0
102
RTVSPost2010PropOp33
 70
     1
102
RTVSPost2010Prop34
280
     0
102
RTVSPost2010PropOp34
 70
     1
102
RTVSPost2010Prop35
280
     0
102
RTVSPost2010PropOp35
 70
     1
102
RTVSPost2010Prop36
280
     0
102
RTVSPost2010PropOp36
 70
     1
102
RTVSPost2010Prop37
 90
       50
102
RTVSPost2010PropOp37
 70
     1
102
RTVSPost2010Prop38
140
0.0
102
RTVSPost2010PropOp38
 70
     1
102
RTVSPost2010Prop39
140
1.0
102
RTVSPost2010PropOp39
 70
     1
102
RTVSPost2010Prop40
 90
        0
102
RTVSPost2010PropOp40
 70
     1
102
RTVSPost2010Prop41ColorIndex
 90
       18
102
RTVSPost2010Prop41ColorRGB
 90
        0
102
RTVSPost2010PropOp41
 70
     1
102
RTVSPost2010Prop42
 90
       50
102
RTVSPost2010PropOp42
 70
     1
102
RTVSPost2010Prop43
 90
        3
102
RTVSPost2010PropOp43
 70
     1
102
RTVSPost2010Prop44ColorIndex
 90
        5
102
RTVSPost2010Prop44ColorRGB
 90
      255
102
RTVSPost2010PropOp44
 70
     1
102
RTVSPost2010Prop45
280
     0
102
RTVSPost2010PropOp45
 70
     1
102
RTVSPost2010Prop46
 90
       50
102
RTVSPost2010PropOp46
 70
     1
102
RTVSPost2010Prop47
 90
       50
102
RTVSPost2010PropOp47
 70
     1
102
RTVSPost2010Prop48
 90
       50
102
RTVSPost2010PropOp48
 70
     1
102
RTVSPost2010Prop49
280
     0
102
RTVSPost2010PropOp49
 70
     1
102
RTVSPost2010Prop50
 90
       50
102
RTVSPost2010PropOp50
 70
     1
102
RTVSPost2010Prop51ColorIndex
 90
      256
102
RTVSPost2010Prop51ColorRGB
 90
-16777216
102
RTVSPost2010PropOp51
 70
     0
102
RTVSPost2010Prop52
140
1.0
102
RTVSPost2010PropOp52
 70
     0
102
RTVSPost2010Prop53
 90
        2
102
RTVSPost2010PropOp53
 70
     1
102
RTVSPost2010Prop54
  1
strokes_ogs.tif
102
RTVSPost2010PropOp54
 70
     1
102
RTVSPost2010Prop55
280
     0
102
RTVSPost2010PropOp55
 70
     1
102
RTVSPost2010Prop56
140
1.0
102
RTVSPost2010PropOp56
 70
     1
102
RTVSPost2010Prop57
140
1.0
102
RTVSPost2010PropOp57
 70
     1
  0
XRECORD
  5
138
102
{ACAD_REACTORS
330
137
102
}
330
137
100
AcDbXrecord
280
     1
102
RTVSPropertyOp0
 70
     0
102
RTVSPropertyOp1
 70
     0
102
RTVSPropertyOp2
 70
     0
102
RTVSPropertyOp3
 70
     0
102
RTVSPropertyOp4
 70
     0
102
RTVSPropertyOp5
 70
     0
102
RTVSPropertyOp6
 70
     0
102
RTVSPropertyOp7
 70
     0
102
RTVSPropertyOp8
 70
     0
102
RTVSPropertyOp9
 70
     0
102
RTVSPropertyOp10
 70
     0
102
RTVSPropertyOp11
 70
     0
102
RTVSPropertyOp12
 70
     0
102
RTVSPropertyOp13
 70
     0
102
RTVSPropertyOp14
 70
     2
102
RTVSPropertyOp15
 70
     0
102
RTVSPropertyOp16
 70
     0
102
RTVSPropertyOp17
 70
     0
102
RTVSPropertyOp18
 70
     0
102
RTVSPropertyOp19
 70
     0
102
RTVSPropertyOp20
 70
     0
102
RTVSPropertyOp21
 70
     0
102
RTVSPropertyOp22
 70
     0
102
RTVSPropertyOp23
 70
     0
102
RTVSPropertyOp24
 70
     0
102
RTVSPropertyOp25
 70
     0
102
RTVSPropertyOp26
 70
     0
102
RTVSPropertyOp27
 70
     0
102
RTVSPropertyOp28
 70
     0
102
RTVSPropertyOp29
 70
     0
102
RTVSPropertyOp30
 70
     0
102
RTVSPropertyOp31
 70
     0
102
RTVSPropertyOp32
 70
     0
102
RTVSPropertyOp33
 70
     0
102
RTVSPropertyOp34
 70
     0
102
RTVSPropertyOp35
 70
     0
102
RTVSPropertyOp36
 70
     0
102
RTVSPropertyOp37
 70
     0
102
RTVSPropertyOp38
 70
     0
102
RTVSPropertyOp39
 70
     0
102
RTVSPropertyOp40
 70
     0
102
RTVSPropertyOp41
 70
     0
102
RTVSPropertyOp42
 70
     0
102
RTVSPropertyOp43
 70
     0
102
RTVSPropertyOp44
 70
     0
102
RTVSPropertyOp45
 70
     0
102
RTVSPropertyOp46
 70
     0
102
RTVSPropertyOp47
 70
     0
102
RTVSPropertyOp48
 70
     0
102
RTVSPropertyOp49
 70
     0
102
RTVSPropertyOp50
 70
     0
102
RTVSPropertyOp51
 70
     0
102
RTVSPropertyOp52
 70
     0
102
RTVSPropertyOp53
 70
     0
102
RTVSPropertyOp54
 70
     0
102
RTVSPropertyOp55
 70
     0
102
RTVSPropertyOp56
 70
     0
102
RTVSPropertyOp57
 70
     0
102
RTVSPost2010Prop28
280
     0
102
RTVSPost2010PropOp28
 70
     0
102
RTVSPost2010Prop29
280
     1
102
RTVSPost2010PropOp29
 70
     0
102
RTVSPost2010Prop30
280
     1
102
RTVSPost2010PropOp30
 70
     0
102
RTVSPost2010Prop31
280
     0
102
RTVSPost2010PropOp31
 70
     0
102
RTVSPost2010Prop32
280
     0
102
RTVSPost2010PropOp32
 70
     0
102
RTVSPost2010Prop33
280
     0
102
RTVSPost2010PropOp33
 70
     0
102
RTVSPost2010Prop34
280
     0
102
RTVSPost2010PropOp34
 70
     0
102
RTVSPost2010Prop35
280
     0
102
RTVSPost2010PropOp35
 70
     0
102
RTVSPost2010Prop36
280
     0
102
RTVSPost2010PropOp36
 70
     0
102
RTVSPost2010Prop37
 90
       50
102
RTVSPost2010PropOp37
 70
     0
102
RTVSPost2010Prop38
140
0.0
102
RTVSPost2010PropOp38
 70
     0
102
RTVSPost2010Prop39
140
1.0
102
RTVSPost2010PropOp39
 70
     0
102
RTVSPost2010Prop40
 90
        0
102
RTVSPost2010PropOp40
 70
     0
102
RTVSPost2010Prop41ColorIndex
 90
       18
102
RTVSPost2010Prop41ColorRGB
 90
        0
102
RTVSPost2010PropOp41
 70
     0
102
RTVSPost2010Prop42
 90
       50
102
RTVSPost2010PropOp42
 70
     0
102
RTVSPost2010Prop43
 90
        3
102
RTVSPost2010PropOp43
 70
     0
102
RTVSPost2010Prop44ColorIndex
 90
        5
102
RTVSPost2010Prop44ColorRGB
 90
      255
102
RTVSPost2010PropOp44
 70
     0
102
RTVSPost2010Prop45
280
     0
102
RTVSPost2010PropOp45
 70
     0
102
RTVSPost2010Prop46
 90
       50
102
RTVSPost2010PropOp46
 70
     0
102
RTVSPost2010Prop47
 90
       50
102
RTVSPost2010PropOp47
 70
     0
102
RTVSPost2010Prop48
 90
       50
102
RTVSPost2010PropOp48
 70
     0
102
RTVSPost2010Prop49
280
     0
102
RTVSPost2010PropOp49
 70
     0
102
RTVSPost2010Prop50
 90
       50
102
RTVSPost2010PropOp50
 70
     0
102
RTVSPost2010Prop51ColorIndex
 90
      256
102
RTVSPost2010Prop51ColorRGB
 90
-16777216
102
RTVSPost2010PropOp51
 70
     0
102
RTVSPost2010Prop52
140
1.0
102
RTVSPost2010PropOp52
 70
     0
102
RTVSPost2010Prop53
 90
        2
102
RTVSPost2010PropOp53
 70
     0
102
RTVSPost2010Prop54
  1
strokes_ogs.tif
102
RTVSPost2010PropOp54
 70
     0
102
RTVSPost2010Prop55
280
     0
102
RTVSPost2010PropOp55
 70
     0
102
RTVSPost2010Prop56
140
1.0
102
RTVSPost2010PropOp56
 70
     0
102
RTVSPost2010Prop57
140
1.0
102
RTVSPost2010PropOp57
 70
     0
  0
XRECORD
  5
132
102
{ACAD_REACTORS
330
131
102
}
330
131
100
AcDbXrecord
280
     1
102
RTVSPropertyOp0
 70
     1
102
RTVSPropertyOp1
 70
     1
102
RTVSPropertyOp2
 70
     1
102
RTVSPropertyOp3
 70
     1
102
RTVSPropertyOp4
 70
     1
102
RTVSPropertyOp5
 70
     1
102
RTVSPropertyOp6
 70
     1
102
RTVSPropertyOp7
 70
     1
102
RTVSPropertyOp8
 70
     1
102
RTVSPropertyOp9
 70
     1
102
RTVSPropertyOp10
 70
     1
102
RTVSPropertyOp11
 70
     1
102
RTVSPropertyOp12
 70
     1
102
RTVSPropertyOp13
 70
     1
102
RTVSPropertyOp14
 70
     1
102
RTVSPropertyOp15
 70
     1
102
RTVSPropertyOp16
 70
     1
102
RTVSPropertyOp17
 70
     1
102
RTVSPropertyOp18
 70
     1
102
RTVSPropertyOp19
 70
     1
102
RTVSPropertyOp20
 70
     1
102
RTVSPropertyOp21
 70
     1
102
RTVSPropertyOp22
 70
     1
102
RTVSPropertyOp23
 70
     1
102
RTVSPropertyOp24
 70
     1
102
RTVSPropertyOp25
 70
     1
102
RTVSPropertyOp26
 70
     1
102
RTVSPropertyOp27
 70
     1
102
RTVSPropertyOp28
 70
     1
102
RTVSPropertyOp29
 70
     1
102
RTVSPropertyOp30
 70
     1
102
RTVSPropertyOp31
 70
     1
102
RTVSPropertyOp32
 70
     1
102
RTVSPropertyOp33
 70
     1
102
RTVSPropertyOp34
 70
     1
102
RTVSPropertyOp35
 70
     1
102
RTVSPropertyOp36
 70
     1
102
RTVSPropertyOp37
 70
     1
102
RTVSPropertyOp38
 70
     1
102
RTVSPropertyOp39
 70
     1
102
RTVSPropertyOp40
 70
     1
102
RTVSPropertyOp41
 70
     1
102
RTVSPropertyOp42
 70
     1
102
RTVSPropertyOp43
 70
     1
102
RTVSPropertyOp44
 70
     1
102
RTVSPropertyOp45
 70
     1
102
RTVSPropertyOp46
 70
     1
102
RTVSPropertyOp47
 70
     1
102
RTVSPropertyOp48
 70
     1
102
RTVSPropertyOp49
 70
     1
102
RTVSPropertyOp50
 70
     1
102
RTVSPropertyOp51
 70
     0
102
RTVSPropertyOp52
 70
     0
102
RTVSPropertyOp53
 70
     1
102
RTVSPropertyOp54
 70
     1
102
RTVSPropertyOp55
 70
     1
102
RTVSPropertyOp56
 70
     1
102
RTVSPropertyOp57
 70
     1
102
RTVSPost2010Prop28
280
     0
102
RTVSPost2010PropOp28
 70
     1
102
RTVSPost2010Prop29
280
     1
102
RTVSPost2010PropOp29
 70
     1
102
RTVSPost2010Prop30
280
     1
102
RTVSPost2010PropOp30
 70
     1
102
RTVSPost2010Prop31
280
     0
102
RTVSPost2010PropOp31
 70
     1
102
RTVSPost2010Prop32
280
     0
102
RTVSPost2010PropOp32
 70
     1
102
RTVSPost2010Prop33
280
     0
102
RTVSPost2010PropOp33
 70
     1
102
RTVSPost2010Prop34
280
     0
102
RTVSPost2010PropOp34
 70
     1
102
RTVSPost2010Prop35
280
     0
102
RTVSPost2010PropOp35
 70
     1
102
RTVSPost2010Prop36
280
     0
102
RTVSPost2010PropOp36
 70
     1
102
RTVSPost2010Prop37
 90
       50
102
RTVSPost2010PropOp37
 70
     1
102
RTVSPost2010Prop38
140
0.0
102
RTVSPost2010PropOp38
 70
     1
102
RTVSPost2010Prop39
140
1.0
102
RTVSPost2010PropOp39
 70
     1
102
RTVSPost2010Prop40
 90
        0
102
RTVSPost2010PropOp40
 70
     1
102
RTVSPost2010Prop41ColorIndex
 90
       18
102
RTVSPost2010Prop41ColorRGB
 90
        0
102
RTVSPost2010PropOp41
 70
     1
102
RTVSPost2010Prop42
 90
       50
102
RTVSPost2010PropOp42
 70
     1
102
RTVSPost2010Prop43
 90
        3
102
RTVSPost2010PropOp43
 70
     1
102
RTVSPost2010Prop44ColorIndex
 90
        5
102
RTVSPost2010Prop44ColorRGB
 90
      255
102
RTVSPost2010PropOp44
 70
     1
102
RTVSPost2010Prop45
280
     0
102
RTVSPost2010PropOp45
 70
     1
102
RTVSPost2010Prop46
 90
       50
102
RTVSPost2010PropOp46
 70
     1
102
RTVSPost2010Prop47
 90
       50
102
RTVSPost2010PropOp47
 70
     1
102
RTVSPost2010Prop48
 90
       50
102
RTVSPost2010PropOp48
 70
     1
102
RTVSPost2010Prop49
280
     0
102
RTVSPost2010PropOp49
 70
     1
102
RTVSPost2010Prop50
 90
       50
102
RTVSPost2010PropOp50
 70
     1
102
RTVSPost2010Prop51ColorIndex
 90
      256
102
RTVSPost2010Prop51ColorRGB
 90
-16777216
102
RTVSPost2010PropOp51
 70
     0
102
RTVSPost2010Prop52
140
1.0
102
RTVSPost2010PropOp52
 70
     0
102
RTVSPost2010Prop53
 90
        2
102
RTVSPost2010PropOp53
 70
     1
102
RTVSPost2010Prop54
  1
strokes_ogs.tif
102
RTVSPost2010PropOp54
 70
     1
102
RTVSPost2010Prop55
280
     0
102
RTVSPost2010PropOp55
 70
     1
102
RTVSPost2010Prop56
140
1.0
102
RTVSPost2010PropOp56
 70
     1
102
RTVSPost2010Prop57
140
1.0
102
RTVSPost2010PropOp57
 70
     1
  0
XRECORD
  5
13A
102
{ACAD_REACTORS
330
139
102
}
330
139
100
AcDbXrecord
280
     1
102
RTVSPropertyOp0
 70
     0
102
RTVSPropertyOp1
 70
     0
102
RTVSPropertyOp2
 70
     0
102
RTVSPropertyOp3
 70
     0
102
RTVSPropertyOp4
 70
     0
102
RTVSPropertyOp5
 70
     0
102
RTVSPropertyOp6
 70
     0
102
RTVSPropertyOp7
 70
     0
102
RTVSPropertyOp8
 70
     0
102
RTVSPropertyOp9
 70
     0
102
RTVSPropertyOp10
 70
     0
102
RTVSPropertyOp11
 70
     0
102
RTVSPropertyOp12
 70
     0
102
RTVSPropertyOp13
 70
     0
102
RTVSPropertyOp14
 70
     2
102
RTVSPropertyOp15
 70
     0
102
RTVSPropertyOp16
 70
     0
102
RTVSPropertyOp17
 70
     0
102
RTVSPropertyOp18
 70
     0
102
RTVSPropertyOp19
 70
     0
102
RTVSPropertyOp20
 70
     0
102
RTVSPropertyOp21
 70
     0
102
RTVSPropertyOp22
 70
     0
102
RTVSPropertyOp23
 70
     0
102
RTVSPropertyOp24
 70
     0
102
RTVSPropertyOp25
 70
     0
102
RTVSPropertyOp26
 70
     0
102
RTVSPropertyOp27
 70
     0
102
RTVSPropertyOp28
 70
     0
102
RTVSPropertyOp29
 70
     0
102
RTVSPropertyOp30
 70
     0
102
RTVSPropertyOp31
 70
     0
102
RTVSPropertyOp32
 70
     0
102
RTVSPropertyOp33
 70
     0
102
RTVSPropertyOp34
 70
     0
102
RTVSPropertyOp35
 70
     0
102
RTVSPropertyOp36
 70
     0
102
RTVSPropertyOp37
 70
     0
102
RTVSPropertyOp38
 70
     0
102
RTVSPropertyOp39
 70
     0
102
RTVSPropertyOp40
 70
     0
102
RTVSPropertyOp41
 70
     0
102
RTVSPropertyOp42
 70
     0
102
RTVSPropertyOp43
 70
     0
102
RTVSPropertyOp44
 70
     0
102
RTVSPropertyOp45
 70
     0
102
RTVSPropertyOp46
 70
     0
102
RTVSPropertyOp47
 70
     0
102
RTVSPropertyOp48
 70
     0
102
RTVSPropertyOp49
 70
     0
102
RTVSPropertyOp50
 70
     0
102
RTVSPropertyOp51
 70
     0
102
RTVSPropertyOp52
 70
     0
102
RTVSPropertyOp53
 70
     0
102
RTVSPropertyOp54
 70
     0
102
RTVSPropertyOp55
 70
     0
102
RTVSPropertyOp56
 70
     0
102
RTVSPropertyOp57
 70
     0
102
RTVSPost2010Prop28
280
     0
102
RTVSPost2010PropOp28
 70
     0
102
RTVSPost2010Prop29
280
     1
102
RTVSPost2010PropOp29
 70
     0
102
RTVSPost2010Prop30
280
     1
102
RTVSPost2010PropOp30
 70
     0
102
RTVSPost2010Prop31
280
     0
102
RTVSPost2010PropOp31
 70
     0
102
RTVSPost2010Prop32
280
     0
102
RTVSPost2010PropOp32
 70
     0
102
RTVSPost2010Prop33
280
     0
102
RTVSPost2010PropOp33
 70
     0
102
RTVSPost2010Prop34
280
     0
102
RTVSPost2010PropOp34
 70
     0
102
RTVSPost2010Prop35
280
     0
102
RTVSPost2010PropOp35
 70
     0
102
RTVSPost2010Prop36
280
     0
102
RTVSPost2010PropOp36
 70
     0
102
RTVSPost2010Prop37
 90
       50
102
RTVSPost2010PropOp37
 70
     0
102
RTVSPost2010Prop38
140
0.0
102
RTVSPost2010PropOp38
 70
     0
102
RTVSPost2010Prop39
140
1.0
102
RTVSPost2010PropOp39
 70
     0
102
RTVSPost2010Prop40
 90
        0
102
RTVSPost2010PropOp40
 70
     0
102
RTVSPost2010Prop41ColorIndex
 90
       18
102
RTVSPost2010Prop41ColorRGB
 90
        0
102
RTVSPost2010PropOp41
 70
     0
102
RTVSPost2010Prop42
 90
       50
102
RTVSPost2010PropOp42
 70
     0
102
RTVSPost2010Prop43
 90
        3
102
RTVSPost2010PropOp43
 70
     0
102
RTVSPost2010Prop44ColorIndex
 90
        5
102
RTVSPost2010Prop44ColorRGB
 90
      255
102
RTVSPost2010PropOp44
 70
     0
102
RTVSPost2010Prop45
280
     0
102
RTVSPost2010PropOp45
 70
     0
102
RTVSPost2010Prop46
 90
       50
102
RTVSPost2010PropOp46
 70
     0
102
RTVSPost2010Prop47
 90
       50
102
RTVSPost2010PropOp47
 70
     0
102
RTVSPost2010Prop48
 90
       50
102
RTVSPost2010PropOp48
 70
     0
102
RTVSPost2010Prop49
280
     0
102
RTVSPost2010PropOp49
 70
     0
102
RTVSPost2010Prop50
 90
       50
102
RTVSPost2010PropOp50
 70
     0
102
RTVSPost2010Prop51ColorIndex
 90
      256
102
RTVSPost2010Prop51ColorRGB
 90
-16777216
102
RTVSPost2010PropOp51
 70
     0
102
RTVSPost2010Prop52
140
1.0
102
RTVSPost2010PropOp52
 70
     0
102
RTVSPost2010Prop53
 90
        2
102
RTVSPost2010PropOp53
 70
     0
102
RTVSPost2010Prop54
  1
strokes_ogs.tif
102
RTVSPost2010PropOp54
 70
     0
102
RTVSPost2010Prop55
280
     0
102
RTVSPost2010PropOp55
 70
     0
102
RTVSPost2010Prop56
140
1.0
102
RTVSPost2010PropOp56
 70
     0
102
RTVSPost2010Prop57
140
1.0
102
RTVSPost2010PropOp57
 70
     0
  0
XRECORD
  5
128
102
{ACAD_REACTORS
330
127
102
}
330
127
100
AcDbXrecord
280
     1
102
RTVSPropertyOp0
 70
     1
102
RTVSPropertyOp1
 70
     1
102
RTVSPropertyOp2
 70
     1
102
RTVSPropertyOp3
 70
     1
102
RTVSPropertyOp4
 70
     1
102
RTVSPropertyOp5
 70
     1
102
RTVSPropertyOp6
 70
     1
102
RTVSPropertyOp7
 70
     1
102
RTVSPropertyOp8
 70
     1
102
RTVSPropertyOp9
 70
     1
102
RTVSPropertyOp10
 70
     1
102
RTVSPropertyOp11
 70
     1
102
RTVSPropertyOp12
 70
     1
102
RTVSPropertyOp13
 70
     1
102
RTVSPropertyOp14
 70
     1
102
RTVSPropertyOp15
 70
     1
102
RTVSPropertyOp16
 70
     1
102
RTVSPropertyOp17
 70
     1
102
RTVSPropertyOp18
 70
     1
102
RTVSPropertyOp19
 70
     1
102
RTVSPropertyOp20
 70
     1
102
RTVSPropertyOp21
 70
     1
102
RTVSPropertyOp22
 70
     1
102
RTVSPropertyOp23
 70
     1
102
RTVSPropertyOp24
 70
     1
102
RTVSPropertyOp25
 70
     1
102
RTVSPropertyOp26
 70
     1
102
RTVSPropertyOp27
 70
     1
102
RTVSPropertyOp28
 70
     1
102
RTVSPropertyOp29
 70
     1
102
RTVSPropertyOp30
 70
     1
102
RTVSPropertyOp31
 70
     1
102
RTVSPropertyOp32
 70
     1
102
RTVSPropertyOp33
 70
     1
102
RTVSPropertyOp34
 70
     1
102
RTVSPropertyOp35
 70
     1
102
RTVSPropertyOp36
 70
     1
102
RTVSPropertyOp37
 70
     1
102
RTVSPropertyOp38
 70
     1
102
RTVSPropertyOp39
 70
     1
102
RTVSPropertyOp40
 70
     1
102
RTVSPropertyOp41
 70
     1
102
RTVSPropertyOp42
 70
     1
102
RTVSPropertyOp43
 70
     1
102
RTVSPropertyOp44
 70
     1
102
RTVSPropertyOp45
 70
     1
102
RTVSPropertyOp46
 70
     1
102
RTVSPropertyOp47
 70
     1
102
RTVSPropertyOp48
 70
     1
102
RTVSPropertyOp49
 70
     1
102
RTVSPropertyOp50
 70
     1
102
RTVSPropertyOp51
 70
     0
102
RTVSPropertyOp52
 70
     0
102
RTVSPropertyOp53
 70
     1
102
RTVSPropertyOp54
 70
     1
102
RTVSPropertyOp55
 70
     1
102
RTVSPropertyOp56
 70
     1
102
RTVSPropertyOp57
 70
     1
102
RTVSPost2010Prop28
280
     0
102
RTVSPost2010PropOp28
 70
     1
102
RTVSPost2010Prop29
280
     1
102
RTVSPost2010PropOp29
 70
     1
102
RTVSPost2010Prop30
280
     1
102
RTVSPost2010PropOp30
 70
     1
102
RTVSPost2010Prop31
280
     0
102
RTVSPost2010PropOp31
 70
     1
102
RTVSPost2010Prop32
280
     0
102
RTVSPost2010PropOp32
 70
     1
102
RTVSPost2010Prop33
280
     0
102
RTVSPost2010PropOp33
 70
     1
102
RTVSPost2010Prop34
280
     0
102
RTVSPost2010PropOp34
 70
     1
102
RTVSPost2010Prop35
280
     0
102
RTVSPost2010PropOp35
 70
     1
102
RTVSPost2010Prop36
280
     0
102
RTVSPost2010PropOp36
 70
     1
102
RTVSPost2010Prop37
 90
       50
102
RTVSPost2010PropOp37
 70
     1
102
RTVSPost2010Prop38
140
0.0
102
RTVSPost2010PropOp38
 70
     1
102
RTVSPost2010Prop39
140
1.0
102
RTVSPost2010PropOp39
 70
     1
102
RTVSPost2010Prop40
 90
        0
102
RTVSPost2010PropOp40
 70
     1
102
RTVSPost2010Prop41ColorIndex
 90
       18
102
RTVSPost2010Prop41ColorRGB
 90
        0
102
RTVSPost2010PropOp41
 70
     1
102
RTVSPost2010Prop42
 90
       50
102
RTVSPost2010PropOp42
 70
     1
102
RTVSPost2010Prop43
 90
        3
102
RTVSPost2010PropOp43
 70
     1
102
RTVSPost2010Prop44ColorIndex
 90
        5
102
RTVSPost2010Prop44ColorRGB
 90
      255
102
RTVSPost2010PropOp44
 70
     1
102
RTVSPost2010Prop45
280
     0
102
RTVSPost2010PropOp45
 70
     1
102
RTVSPost2010Prop46
 90
       50
102
RTVSPost2010PropOp46
 70
     1
102
RTVSPost2010Prop47
 90
       50
102
RTVSPost2010PropOp47
 70
     1
102
RTVSPost2010Prop48
 90
       50
102
RTVSPost2010PropOp48
 70
     1
102
RTVSPost2010Prop49
280
     0
102
RTVSPost2010PropOp49
 70
     1
102
RTVSPost2010Prop50
 90
       50
102
RTVSPost2010PropOp50
 70
     1
102
RTVSPost2010Prop51ColorIndex
 90
      256
102
RTVSPost2010Prop51ColorRGB
 90
-16777216
102
RTVSPost2010PropOp51
 70
     0
102
RTVSPost2010Prop52
140
1.0
102
RTVSPost2010PropOp52
 70
     0
102
RTVSPost2010Prop53
 90
        2
102
RTVSPost2010PropOp53
 70
     1
102
RTVSPost2010Prop54
  1
strokes_ogs.tif
102
RTVSPost2010PropOp54
 70
     1
102
RTVSPost2010Prop55
280
     0
102
RTVSPost2010PropOp55
 70
     1
102
RTVSPost2010Prop56
140
1.0
102
RTVSPost2010PropOp56
 70
     1
102
RTVSPost2010Prop57
140
1.0
102
RTVSPost2010PropOp57
 70
     1
  0
XRECORD
  5
146
102
{ACAD_REACTORS
330
145
102
}
330
145
100
AcDbXrecord
280
     1
102
RTVSPropertyOp0
 70
     1
102
RTVSPropertyOp1
 70
     1
102
RTVSPropertyOp2
 70
     1
102
RTVSPropertyOp3
 70
     1
102
RTVSPropertyOp4
 70
     1
102
RTVSPropertyOp5
 70
     1
102
RTVSPropertyOp6
 70
     1
102
RTVSPropertyOp7
 70
     1
102
RTVSPropertyOp8
 70
     1
102
RTVSPropertyOp9
 70
     1
102
RTVSPropertyOp10
 70
     1
102
RTVSPropertyOp11
 70
     1
102
RTVSPropertyOp12
 70
     1
102
RTVSPropertyOp13
 70
     1
102
RTVSPropertyOp14
 70
     1
102
RTVSPropertyOp15
 70
     1
102
RTVSPropertyOp16
 70
     1
102
RTVSPropertyOp17
 70
     1
102
RTVSPropertyOp18
 70
     1
102
RTVSPropertyOp19
 70
     1
102
RTVSPropertyOp20
 70
     1
102
RTVSPropertyOp21
 70
     1
102
RTVSPropertyOp22
 70
     1
102
RTVSPropertyOp23
 70
     1
102
RTVSPropertyOp24
 70
     1
102
RTVSPropertyOp25
 70
     1
102
RTVSPropertyOp26
 70
     1
102
RTVSPropertyOp27
 70
     1
102
RTVSPropertyOp28
 70
     1
102
RTVSPropertyOp29
 70
     1
102
RTVSPropertyOp30
 70
     1
102
RTVSPropertyOp31
 70
     1
102
RTVSPropertyOp32
 70
     1
102
RTVSPropertyOp33
 70
     1
102
RTVSPropertyOp34
 70
     1
102
RTVSPropertyOp35
 70
     1
102
RTVSPropertyOp36
 70
     1
102
RTVSPropertyOp37
 70
     1
102
RTVSPropertyOp38
 70
     1
102
RTVSPropertyOp39
 70
     1
102
RTVSPropertyOp40
 70
     1
102
RTVSPropertyOp41
 70
     1
102
RTVSPropertyOp42
 70
     1
102
RTVSPropertyOp43
 70
     1
102
RTVSPropertyOp44
 70
     1
102
RTVSPropertyOp45
 70
     1
102
RTVSPropertyOp46
 70
     1
102
RTVSPropertyOp47
 70
     1
102
RTVSPropertyOp48
 70
     1
102
RTVSPropertyOp49
 70
     1
102
RTVSPropertyOp50
 70
     1
102
RTVSPropertyOp51
 70
     0
102
RTVSPropertyOp52
 70
     0
102
RTVSPropertyOp53
 70
     1
102
RTVSPropertyOp54
 70
     1
102
RTVSPropertyOp55
 70
     1
102
RTVSPropertyOp56
 70
     1
102
RTVSPropertyOp57
 70
     1
102
RTVSPost2010Prop28
280
     0
102
RTVSPost2010PropOp28
 70
     1
102
RTVSPost2010Prop29
280
     1
102
RTVSPost2010PropOp29
 70
     1
102
RTVSPost2010Prop30
280
     1
102
RTVSPost2010PropOp30
 70
     1
102
RTVSPost2010Prop31
280
     0
102
RTVSPost2010PropOp31
 70
     1
102
RTVSPost2010Prop32
280
     0
102
RTVSPost2010PropOp32
 70
     1
102
RTVSPost2010Prop33
280
     0
102
RTVSPost2010PropOp33
 70
     1
102
RTVSPost2010Prop34
280
     0
102
RTVSPost2010PropOp34
 70
     1
102
RTVSPost2010Prop35
280
     0
102
RTVSPost2010PropOp35
 70
     1
102
RTVSPost2010Prop36
280
     0
102
RTVSPost2010PropOp36
 70
     1
102
RTVSPost2010Prop37
 90
       50
102
RTVSPost2010PropOp37
 70
     1
102
RTVSPost2010Prop38
140
0.0
102
RTVSPost2010PropOp38
 70
     1
102
RTVSPost2010Prop39
140
1.0
102
RTVSPost2010PropOp39
 70
     1
102
RTVSPost2010Prop40
 90
        0
102
RTVSPost2010PropOp40
 70
     1
102
RTVSPost2010Prop41ColorIndex
 90
       18
102
RTVSPost2010Prop41ColorRGB
 90
        0
102
RTVSPost2010PropOp41
 70
     1
102
RTVSPost2010Prop42
 90
       50
102
RTVSPost2010PropOp42
 70
     1
102
RTVSPost2010Prop43
 90
        3
102
RTVSPost2010PropOp43
 70
     1
102
RTVSPost2010Prop44ColorIndex
 90
        5
102
RTVSPost2010Prop44ColorRGB
 90
      255
102
RTVSPost2010PropOp44
 70
     1
102
RTVSPost2010Prop45
280
     0
102
RTVSPost2010PropOp45
 70
     1
102
RTVSPost2010Prop46
 90
       50
102
RTVSPost2010PropOp46
 70
     1
102
RTVSPost2010Prop47
 90
       50
102
RTVSPost2010PropOp47
 70
     1
102
RTVSPost2010Prop48
 90
       50
102
RTVSPost2010PropOp48
 70
     1
102
RTVSPost2010Prop49
280
     0
102
RTVSPost2010PropOp49
 70
     1
102
RTVSPost2010Prop50
 90
       50
102
RTVSPost2010PropOp50
 70
     1
102
RTVSPost2010Prop51ColorIndex
 90
      256
102
RTVSPost2010Prop51ColorRGB
 90
-16777216
102
RTVSPost2010PropOp51
 70
     0
102
RTVSPost2010Prop52
140
1.0
102
RTVSPost2010PropOp52
 70
     0
102
RTVSPost2010Prop53
 90
        2
102
RTVSPost2010PropOp53
 70
     1
102
RTVSPost2010Prop54
  1
strokes_ogs.tif
102
RTVSPost2010PropOp54
 70
     1
102
RTVSPost2010Prop55
280
     0
102
RTVSPost2010PropOp55
 70
     1
102
RTVSPost2010Prop56
140
1.0
102
RTVSPost2010PropOp56
 70
     1
102
RTVSPost2010Prop57
140
1.0
102
RTVSPost2010PropOp57
 70
     1
  0
XRECORD
  5
144
102
{ACAD_REACTORS
330
143
102
}
330
143
100
AcDbXrecord
280
     1
102
RTVSPropertyOp0
 70
     1
102
RTVSPropertyOp1
 70
     1
102
RTVSPropertyOp2
 70
     1
102
RTVSPropertyOp3
 70
     1
102
RTVSPropertyOp4
 70
     1
102
RTVSPropertyOp5
 70
     1
102
RTVSPropertyOp6
 70
     1
102
RTVSPropertyOp7
 70
     1
102
RTVSPropertyOp8
 70
     1
102
RTVSPropertyOp9
 70
     1
102
RTVSPropertyOp10
 70
     1
102
RTVSPropertyOp11
 70
     1
102
RTVSPropertyOp12
 70
     1
102
RTVSPropertyOp13
 70
     1
102
RTVSPropertyOp14
 70
     1
102
RTVSPropertyOp15
 70
     1
102
RTVSPropertyOp16
 70
     1
102
RTVSPropertyOp17
 70
     1
102
RTVSPropertyOp18
 70
     1
102
RTVSPropertyOp19
 70
     1
102
RTVSPropertyOp20
 70
     1
102
RTVSPropertyOp21
 70
     1
102
RTVSPropertyOp22
 70
     1
102
RTVSPropertyOp23
 70
     1
102
RTVSPropertyOp24
 70
     1
102
RTVSPropertyOp25
 70
     1
102
RTVSPropertyOp26
 70
     1
102
RTVSPropertyOp27
 70
     1
102
RTVSPropertyOp28
 70
     1
102
RTVSPropertyOp29
 70
     1
102
RTVSPropertyOp30
 70
     1
102
RTVSPropertyOp31
 70
     1
102
RTVSPropertyOp32
 70
     1
102
RTVSPropertyOp33
 70
     1
102
RTVSPropertyOp34
 70
     1
102
RTVSPropertyOp35
 70
     1
102
RTVSPropertyOp36
 70
     1
102
RTVSPropertyOp37
 70
     1
102
RTVSPropertyOp38
 70
     1
102
RTVSPropertyOp39
 70
     1
102
RTVSPropertyOp40
 70
     1
102
RTVSPropertyOp41
 70
     1
102
RTVSPropertyOp42
 70
     1
102
RTVSPropertyOp43
 70
     1
102
RTVSPropertyOp44
 70
     1
102
RTVSPropertyOp45
 70
     1
102
RTVSPropertyOp46
 70
     1
102
RTVSPropertyOp47
 70
     1
102
RTVSPropertyOp48
 70
     1
102
RTVSPropertyOp49
 70
     1
102
RTVSPropertyOp50
 70
     1
102
RTVSPropertyOp51
 70
     0
102
RTVSPropertyOp52
 70
     0
102
RTVSPropertyOp53
 70
     1
102
RTVSPropertyOp54
 70
     1
102
RTVSPropertyOp55
 70
     1
102
RTVSPropertyOp56
 70
     1
102
RTVSPropertyOp57
 70
     1
102
RTVSPost2010Prop28
280
     0
102
RTVSPost2010PropOp28
 70
     1
102
RTVSPost2010Prop29
280
     1
102
RTVSPost2010PropOp29
 70
     1
102
RTVSPost2010Prop30
280
     1
102
RTVSPost2010PropOp30
 70
     1
102
RTVSPost2010Prop31
280
     0
102
RTVSPost2010PropOp31
 70
     1
102
RTVSPost2010Prop32
280
     0
102
RTVSPost2010PropOp32
 70
     1
102
RTVSPost2010Prop33
280
     0
102
RTVSPost2010PropOp33
 70
     1
102
RTVSPost2010Prop34
280
     0
102
RTVSPost2010PropOp34
 70
     1
102
RTVSPost2010Prop35
280
     0
102
RTVSPost2010PropOp35
 70
     1
102
RTVSPost2010Prop36
280
     0
102
RTVSPost2010PropOp36
 70
     1
102
RTVSPost2010Prop37
 90
       50
102
RTVSPost2010PropOp37
 70
     1
102
RTVSPost2010Prop38
140
0.0
102
RTVSPost2010PropOp38
 70
     1
102
RTVSPost2010Prop39
140
1.0
102
RTVSPost2010PropOp39
 70
     1
102
RTVSPost2010Prop40
 90
        0
102
RTVSPost2010PropOp40
 70
     1
102
RTVSPost2010Prop41ColorIndex
 90
       18
102
RTVSPost2010Prop41ColorRGB
 90
        0
102
RTVSPost2010PropOp41
 70
     1
102
RTVSPost2010Prop42
 90
       50
102
RTVSPost2010PropOp42
 70
     1
102
RTVSPost2010Prop43
 90
        3
102
RTVSPost2010PropOp43
 70
     1
102
RTVSPost2010Prop44ColorIndex
 90
        5
102
RTVSPost2010Prop44ColorRGB
 90
      255
102
RTVSPost2010PropOp44
 70
     1
102
RTVSPost2010Prop45
280
     0
102
RTVSPost2010PropOp45
 70
     1
102
RTVSPost2010Prop46
 90
       50
102
RTVSPost2010PropOp46
 70
     1
102
RTVSPost2010Prop47
 90
       50
102
RTVSPost2010PropOp47
 70
     1
102
RTVSPost2010Prop48
 90
       50
102
RTVSPost2010PropOp48
 70
     1
102
RTVSPost2010Prop49
280
     0
102
RTVSPost2010PropOp49
 70
     1
102
RTVSPost2010Prop50
 90
       50
102
RTVSPost2010PropOp50
 70
     1
102
RTVSPost2010Prop51ColorIndex
 90
      256
102
RTVSPost2010Prop51ColorRGB
 90
-16777216
102
RTVSPost2010PropOp51
 70
     0
102
RTVSPost2010Prop52
140
1.0
102
RTVSPost2010PropOp52
 70
     0
102
RTVSPost2010Prop53
 90
        2
102
RTVSPost2010PropOp53
 70
     1
102
RTVSPost2010Prop54
  1
strokes_ogs.tif
102
RTVSPost2010PropOp54
 70
     1
102
RTVSPost2010Prop55
280
     0
102
RTVSPost2010PropOp55
 70
     1
102
RTVSPost2010Prop56
140
1.0
102
RTVSPost2010PropOp56
 70
     1
102
RTVSPost2010Prop57
140
1.0
102
RTVSPost2010PropOp57
 70
     1
  0
XRECORD
  5
13E
102
{ACAD_REACTORS
330
13D
102
}
330
13D
100
AcDbXrecord
280
     1
102
RTVSPropertyOp0
 70
     1
102
RTVSPropertyOp1
 70
     1
102
RTVSPropertyOp2
 70
     1
102
RTVSPropertyOp3
 70
     1
102
RTVSPropertyOp4
 70
     1
102
RTVSPropertyOp5
 70
     1
102
RTVSPropertyOp6
 70
     1
102
RTVSPropertyOp7
 70
     1
102
RTVSPropertyOp8
 70
     1
102
RTVSPropertyOp9
 70
     1
102
RTVSPropertyOp10
 70
     1
102
RTVSPropertyOp11
 70
     1
102
RTVSPropertyOp12
 70
     1
102
RTVSPropertyOp13
 70
     1
102
RTVSPropertyOp14
 70
     1
102
RTVSPropertyOp15
 70
     1
102
RTVSPropertyOp16
 70
     1
102
RTVSPropertyOp17
 70
     1
102
RTVSPropertyOp18
 70
     1
102
RTVSPropertyOp19
 70
     1
102
RTVSPropertyOp20
 70
     1
102
RTVSPropertyOp21
 70
     1
102
RTVSPropertyOp22
 70
     1
102
RTVSPropertyOp23
 70
     1
102
RTVSPropertyOp24
 70
     1
102
RTVSPropertyOp25
 70
     1
102
RTVSPropertyOp26
 70
     1
102
RTVSPropertyOp27
 70
     1
102
RTVSPropertyOp28
 70
     1
102
RTVSPropertyOp29
 70
     1
102
RTVSPropertyOp30
 70
     1
102
RTVSPropertyOp31
 70
     1
102
RTVSPropertyOp32
 70
     1
102
RTVSPropertyOp33
 70
     1
102
RTVSPropertyOp34
 70
     1
102
RTVSPropertyOp35
 70
     1
102
RTVSPropertyOp36
 70
     1
102
RTVSPropertyOp37
 70
     1
102
RTVSPropertyOp38
 70
     1
102
RTVSPropertyOp39
 70
     1
102
RTVSPropertyOp40
 70
     1
102
RTVSPropertyOp41
 70
     1
102
RTVSPropertyOp42
 70
     1
102
RTVSPropertyOp43
 70
     1
102
RTVSPropertyOp44
 70
     1
102
RTVSPropertyOp45
 70
     1
102
RTVSPropertyOp46
 70
     1
102
RTVSPropertyOp47
 70
     1
102
RTVSPropertyOp48
 70
     1
102
RTVSPropertyOp49
 70
     1
102
RTVSPropertyOp50
 70
     1
102
RTVSPropertyOp51
 70
     0
102
RTVSPropertyOp52
 70
     0
102
RTVSPropertyOp53
 70
     1
102
RTVSPropertyOp54
 70
     1
102
RTVSPropertyOp55
 70
     1
102
RTVSPropertyOp56
 70
     1
102
RTVSPropertyOp57
 70
     1
102
RTVSPost2010Prop28
280
     0
102
RTVSPost2010PropOp28
 70
     1
102
RTVSPost2010Prop29
280
     1
102
RTVSPost2010PropOp29
 70
     1
102
RTVSPost2010Prop30
280
     1
102
RTVSPost2010PropOp30
 70
     1
102
RTVSPost2010Prop31
280
     0
102
RTVSPost2010PropOp31
 70
     1
102
RTVSPost2010Prop32
280
     0
102
RTVSPost2010PropOp32
 70
     1
102
RTVSPost2010Prop33
280
     0
102
RTVSPost2010PropOp33
 70
     1
102
RTVSPost2010Prop34
280
     0
102
RTVSPost2010PropOp34
 70
     1
102
RTVSPost2010Prop35
280
     0
102
RTVSPost2010PropOp35
 70
     1
102
RTVSPost2010Prop36
280
     0
102
RTVSPost2010PropOp36
 70
     1
102
RTVSPost2010Prop37
 90
       50
102
RTVSPost2010PropOp37
 70
     1
102
RTVSPost2010Prop38
140
0.0
102
RTVSPost2010PropOp38
 70
     1
102
RTVSPost2010Prop39
140
1.0
102
RTVSPost2010PropOp39
 70
     1
102
RTVSPost2010Prop40
 90
        0
102
RTVSPost2010PropOp40
 70
     1
102
RTVSPost2010Prop41ColorIndex
 90
       18
102
RTVSPost2010Prop41ColorRGB
 90
        0
102
RTVSPost2010PropOp41
 70
     1
102
RTVSPost2010Prop42
 90
       50
102
RTVSPost2010PropOp42
 70
     1
102
RTVSPost2010Prop43
 90
        3
102
RTVSPost2010PropOp43
 70
     1
102
RTVSPost2010Prop44ColorIndex
 90
        5
102
RTVSPost2010Prop44ColorRGB
 90
      255
102
RTVSPost2010PropOp44
 70
     1
102
RTVSPost2010Prop45
280
     0
102
RTVSPost2010PropOp45
 70
     1
102
RTVSPost2010Prop46
 90
       50
102
RTVSPost2010PropOp46
 70
     1
102
RTVSPost2010Prop47
 90
       50
102
RTVSPost2010PropOp47
 70
     1
102
RTVSPost2010Prop48
 90
       50
102
RTVSPost2010PropOp48
 70
     1
102
RTVSPost2010Prop49
280
     0
102
RTVSPost2010PropOp49
 70
     1
102
RTVSPost2010Prop50
 90
       50
102
RTVSPost2010PropOp50
 70
     1
102
RTVSPost2010Prop51ColorIndex
 90
      256
102
RTVSPost2010Prop51ColorRGB
 90
-16777216
102
RTVSPost2010PropOp51
 70
     0
102
RTVSPost2010Prop52
140
1.0
102
RTVSPost2010PropOp52
 70
     0
102
RTVSPost2010Prop53
 90
        2
102
RTVSPost2010PropOp53
 70
     1
102
RTVSPost2010Prop54
  1
strokes_ogs.tif
102
RTVSPost2010PropOp54
 70
     1
102
RTVSPost2010Prop55
280
     0
102
RTVSPost2010PropOp55
 70
     1
102
RTVSPost2010Prop56
140
1.0
102
RTVSPost2010PropOp56
 70
     1
102
RTVSPost2010Prop57
140
1.0
102
RTVSPost2010PropOp57
 70
     1
  0
XRECORD
  5
140
102
{ACAD_REACTORS
330
13F
102
}
330
13F
100
AcDbXrecord
280
     1
102
RTVSPropertyOp0
 70
     1
102
RTVSPropertyOp1
 70
     1
102
RTVSPropertyOp2
 70
     1
102
RTVSPropertyOp3
 70
     1
102
RTVSPropertyOp4
 70
     1
102
RTVSPropertyOp5
 70
     1
102
RTVSPropertyOp6
 70
     1
102
RTVSPropertyOp7
 70
     1
102
RTVSPropertyOp8
 70
     1
102
RTVSPropertyOp9
 70
     1
102
RTVSPropertyOp10
 70
     1
102
RTVSPropertyOp11
 70
     1
102
RTVSPropertyOp12
 70
     1
102
RTVSPropertyOp13
 70
     1
102
RTVSPropertyOp14
 70
     1
102
RTVSPropertyOp15
 70
     1
102
RTVSPropertyOp16
 70
     1
102
RTVSPropertyOp17
 70
     1
102
RTVSPropertyOp18
 70
     1
102
RTVSPropertyOp19
 70
     1
102
RTVSPropertyOp20
 70
     1
102
RTVSPropertyOp21
 70
     1
102
RTVSPropertyOp22
 70
     1
102
RTVSPropertyOp23
 70
     1
102
RTVSPropertyOp24
 70
     1
102
RTVSPropertyOp25
 70
     1
102
RTVSPropertyOp26
 70
     1
102
RTVSPropertyOp27
 70
     1
102
RTVSPropertyOp28
 70
     1
102
RTVSPropertyOp29
 70
     1
102
RTVSPropertyOp30
 70
     1
102
RTVSPropertyOp31
 70
     1
102
RTVSPropertyOp32
 70
     1
102
RTVSPropertyOp33
 70
     1
102
RTVSPropertyOp34
 70
     1
102
RTVSPropertyOp35
 70
     1
102
RTVSPropertyOp36
 70
     1
102
RTVSPropertyOp37
 70
     1
102
RTVSPropertyOp38
 70
     1
102
RTVSPropertyOp39
 70
     1
102
RTVSPropertyOp40
 70
     1
102
RTVSPropertyOp41
 70
     1
102
RTVSPropertyOp42
 70
     1
102
RTVSPropertyOp43
 70
     1
102
RTVSPropertyOp44
 70
     1
102
RTVSPropertyOp45
 70
     1
102
RTVSPropertyOp46
 70
     1
102
RTVSPropertyOp47
 70
     1
102
RTVSPropertyOp48
 70
     1
102
RTVSPropertyOp49
 70
     1
102
RTVSPropertyOp50
 70
     1
102
RTVSPropertyOp51
 70
     0
102
RTVSPropertyOp52
 70
     0
102
RTVSPropertyOp53
 70
     1
102
RTVSPropertyOp54
 70
     1
102
RTVSPropertyOp55
 70
     1
102
RTVSPropertyOp56
 70
     1
102
RTVSPropertyOp57
 70
     1
102
RTVSPost2010Prop28
280
     0
102
RTVSPost2010PropOp28
 70
     1
102
RTVSPost2010Prop29
280
     1
102
RTVSPost2010PropOp29
 70
     1
102
RTVSPost2010Prop30
280
     1
102
RTVSPost2010PropOp30
 70
     1
102
RTVSPost2010Prop31
280
     0
102
RTVSPost2010PropOp31
 70
     1
102
RTVSPost2010Prop32
280
     0
102
RTVSPost2010PropOp32
 70
     1
102
RTVSPost2010Prop33
280
     0
102
RTVSPost2010PropOp33
 70
     1
102
RTVSPost2010Prop34
280
     0
102
RTVSPost2010PropOp34
 70
     1
102
RTVSPost2010Prop35
280
     0
102
RTVSPost2010PropOp35
 70
     1
102
RTVSPost2010Prop36
280
     0
102
RTVSPost2010PropOp36
 70
     1
102
RTVSPost2010Prop37
 90
       50
102
RTVSPost2010PropOp37
 70
     1
102
RTVSPost2010Prop38
140
0.0
102
RTVSPost2010PropOp38
 70
     1
102
RTVSPost2010Prop39
140
1.0
102
RTVSPost2010PropOp39
 70
     1
102
RTVSPost2010Prop40
 90
        0
102
RTVSPost2010PropOp40
 70
     1
102
RTVSPost2010Prop41ColorIndex
 90
       18
102
RTVSPost2010Prop41ColorRGB
 90
        0
102
RTVSPost2010PropOp41
 70
     1
102
RTVSPost2010Prop42
 90
       50
102
RTVSPost2010PropOp42
 70
     1
102
RTVSPost2010Prop43
 90
        3
102
RTVSPost2010PropOp43
 70
     1
102
RTVSPost2010Prop44ColorIndex
 90
        5
102
RTVSPost2010Prop44ColorRGB
 90
      255
102
RTVSPost2010PropOp44
 70
     1
102
RTVSPost2010Prop45
280
     0
102
RTVSPost2010PropOp45
 70
     1
102
RTVSPost2010Prop46
 90
       50
102
RTVSPost2010PropOp46
 70
     1
102
RTVSPost2010Prop47
 90
       50
102
RTVSPost2010PropOp47
 70
     1
102
RTVSPost2010Prop48
 90
       50
102
RTVSPost2010PropOp48
 70
     1
102
RTVSPost2010Prop49
280
     0
102
RTVSPost2010PropOp49
 70
     1
102
RTVSPost2010Prop50
 90
       50
102
RTVSPost2010PropOp50
 70
     1
102
RTVSPost2010Prop51ColorIndex
 90
      256
102
RTVSPost2010Prop51ColorRGB
 90
-16777216
102
RTVSPost2010PropOp51
 70
     0
102
RTVSPost2010Prop52
140
1.0
102
RTVSPost2010PropOp52
 70
     0
102
RTVSPost2010Prop53
 90
        2
102
RTVSPost2010PropOp53
 70
     1
102
RTVSPost2010Prop54
  1
strokes_ogs.tif
102
RTVSPost2010PropOp54
 70
     1
102
RTVSPost2010Prop55
280
     0
102
RTVSPost2010PropOp55
 70
     1
102
RTVSPost2010Prop56
140
1.0
102
RTVSPost2010PropOp56
 70
     1
102
RTVSPost2010Prop57
140
1.0
102
RTVSPost2010PropOp57
 70
     1
  0
XRECORD
  5
130
102
{ACAD_REACTORS
330
12F
102
}
330
12F
100
AcDbXrecord
280
     1
102
RTVSPropertyOp0
 70
     1
102
RTVSPropertyOp1
 70
     1
102
RTVSPropertyOp2
 70
     1
102
RTVSPropertyOp3
 70
     1
102
RTVSPropertyOp4
 70
     1
102
RTVSPropertyOp5
 70
     1
102
RTVSPropertyOp6
 70
     1
102
RTVSPropertyOp7
 70
     1
102
RTVSPropertyOp8
 70
     1
102
RTVSPropertyOp9
 70
     1
102
RTVSPropertyOp10
 70
     1
102
RTVSPropertyOp11
 70
     1
102
RTVSPropertyOp12
 70
     1
102
RTVSPropertyOp13
 70
     1
102
RTVSPropertyOp14
 70
     1
102
RTVSPropertyOp15
 70
     1
102
RTVSPropertyOp16
 70
     1
102
RTVSPropertyOp17
 70
     1
102
RTVSPropertyOp18
 70
     1
102
RTVSPropertyOp19
 70
     1
102
RTVSPropertyOp20
 70
     1
102
RTVSPropertyOp21
 70
     1
102
RTVSPropertyOp22
 70
     1
102
RTVSPropertyOp23
 70
     1
102
RTVSPropertyOp24
 70
     1
102
RTVSPropertyOp25
 70
     1
102
RTVSPropertyOp26
 70
     1
102
RTVSPropertyOp27
 70
     1
102
RTVSPropertyOp28
 70
     1
102
RTVSPropertyOp29
 70
     1
102
RTVSPropertyOp30
 70
     1
102
RTVSPropertyOp31
 70
     1
102
RTVSPropertyOp32
 70
     1
102
RTVSPropertyOp33
 70
     1
102
RTVSPropertyOp34
 70
     1
102
RTVSPropertyOp35
 70
     1
102
RTVSPropertyOp36
 70
     1
102
RTVSPropertyOp37
 70
     1
102
RTVSPropertyOp38
 70
     1
102
RTVSPropertyOp39
 70
     1
102
RTVSPropertyOp40
 70
     1
102
RTVSPropertyOp41
 70
     1
102
RTVSPropertyOp42
 70
     1
102
RTVSPropertyOp43
 70
     1
102
RTVSPropertyOp44
 70
     1
102
RTVSPropertyOp45
 70
     1
102
RTVSPropertyOp46
 70
     1
102
RTVSPropertyOp47
 70
     1
102
RTVSPropertyOp48
 70
     1
102
RTVSPropertyOp49
 70
     1
102
RTVSPropertyOp50
 70
     1
102
RTVSPropertyOp51
 70
     0
102
RTVSPropertyOp52
 70
     0
102
RTVSPropertyOp53
 70
     1
102
RTVSPropertyOp54
 70
     1
102
RTVSPropertyOp55
 70
     1
102
RTVSPropertyOp56
 70
     1
102
RTVSPropertyOp57
 70
     1
102
RTVSPost2010Prop28
280
     0
102
RTVSPost2010PropOp28
 70
     1
102
RTVSPost2010Prop29
280
     1
102
RTVSPost2010PropOp29
 70
     1
102
RTVSPost2010Prop30
280
     1
102
RTVSPost2010PropOp30
 70
     1
102
RTVSPost2010Prop31
280
     0
102
RTVSPost2010PropOp31
 70
     1
102
RTVSPost2010Prop32
280
     0
102
RTVSPost2010PropOp32
 70
     1
102
RTVSPost2010Prop33
280
     0
102
RTVSPost2010PropOp33
 70
     1
102
RTVSPost2010Prop34
280
     0
102
RTVSPost2010PropOp34
 70
     1
102
RTVSPost2010Prop35
280
     0
102
RTVSPost2010PropOp35
 70
     1
102
RTVSPost2010Prop36
280
     0
102
RTVSPost2010PropOp36
 70
     1
102
RTVSPost2010Prop37
 90
       50
102
RTVSPost2010PropOp37
 70
     1
102
RTVSPost2010Prop38
140
0.0
102
RTVSPost2010PropOp38
 70
     1
102
RTVSPost2010Prop39
140
1.0
102
RTVSPost2010PropOp39
 70
     1
102
RTVSPost2010Prop40
 90
        0
102
RTVSPost2010PropOp40
 70
     1
102
RTVSPost2010Prop41ColorIndex
 90
       18
102
RTVSPost2010Prop41ColorRGB
 90
        0
102
RTVSPost2010PropOp41
 70
     1
102
RTVSPost2010Prop42
 90
       50
102
RTVSPost2010PropOp42
 70
     1
102
RTVSPost2010Prop43
 90
        3
102
RTVSPost2010PropOp43
 70
     1
102
RTVSPost2010Prop44ColorIndex
 90
        5
102
RTVSPost2010Prop44ColorRGB
 90
      255
102
RTVSPost2010PropOp44
 70
     1
102
RTVSPost2010Prop45
280
     0
102
RTVSPost2010PropOp45
 70
     1
102
RTVSPost2010Prop46
 90
       50
102
RTVSPost2010PropOp46
 70
     1
102
RTVSPost2010Prop47
 90
       50
102
RTVSPost2010PropOp47
 70
     1
102
RTVSPost2010Prop48
 90
       50
102
RTVSPost2010PropOp48
 70
     1
102
RTVSPost2010Prop49
280
     0
102
RTVSPost2010PropOp49
 70
     1
102
RTVSPost2010Prop50
 90
       50
102
RTVSPost2010PropOp50
 70
     1
102
RTVSPost2010Prop51ColorIndex
 90
      256
102
RTVSPost2010Prop51ColorRGB
 90
-16777216
102
RTVSPost2010PropOp51
 70
     0
102
RTVSPost2010Prop52
140
1.0
102
RTVSPost2010PropOp52
 70
     0
102
RTVSPost2010Prop53
 90
        2
102
RTVSPost2010PropOp53
 70
     1
102
RTVSPost2010Prop54
  1
strokes_ogs.tif
102
RTVSPost2010PropOp54
 70
     1
102
RTVSPost2010Prop55
280
     0
102
RTVSPost2010PropOp55
 70
     1
102
RTVSPost2010Prop56
140
1.0
102
RTVSPost2010PropOp56
 70
     1
102
RTVSPost2010Prop57
140
1.0
102
RTVSPost2010PropOp57
 70
     1
  0
XRECORD
  5
122
102
{ACAD_REACTORS
330
121
102
}
330
121
100
AcDbXrecord
280
     1
102
RTVSPropertyOp0
 70
     1
102
RTVSPropertyOp1
 70
     1
102
RTVSPropertyOp2
 70
     1
102
RTVSPropertyOp3
 70
     1
102
RTVSPropertyOp4
 70
     1
102
RTVSPropertyOp5
 70
     1
102
RTVSPropertyOp6
 70
     1
102
RTVSPropertyOp7
 70
     1
102
RTVSPropertyOp8
 70
     1
102
RTVSPropertyOp9
 70
     1
102
RTVSPropertyOp10
 70
     1
102
RTVSPropertyOp11
 70
     1
102
RTVSPropertyOp12
 70
     1
102
RTVSPropertyOp13
 70
     1
102
RTVSPropertyOp14
 70
     1
102
RTVSPropertyOp15
 70
     1
102
RTVSPropertyOp16
 70
     1
102
RTVSPropertyOp17
 70
     1
102
RTVSPropertyOp18
 70
     1
102
RTVSPropertyOp19
 70
     1
102
RTVSPropertyOp20
 70
     1
102
RTVSPropertyOp21
 70
     1
102
RTVSPropertyOp22
 70
     1
102
RTVSPropertyOp23
 70
     1
102
RTVSPropertyOp24
 70
     1
102
RTVSPropertyOp25
 70
     1
102
RTVSPropertyOp26
 70
     1
102
RTVSPropertyOp27
 70
     1
102
RTVSPropertyOp28
 70
     1
102
RTVSPropertyOp29
 70
     1
102
RTVSPropertyOp30
 70
     1
102
RTVSPropertyOp31
 70
     1
102
RTVSPropertyOp32
 70
     1
102
RTVSPropertyOp33
 70
     1
102
RTVSPropertyOp34
 70
     1
102
RTVSPropertyOp35
 70
     1
102
RTVSPropertyOp36
 70
     1
102
RTVSPropertyOp37
 70
     1
102
RTVSPropertyOp38
 70
     1
102
RTVSPropertyOp39
 70
     1
102
RTVSPropertyOp40
 70
     1
102
RTVSPropertyOp41
 70
     1
102
RTVSPropertyOp42
 70
     1
102
RTVSPropertyOp43
 70
     1
102
RTVSPropertyOp44
 70
     1
102
RTVSPropertyOp45
 70
     1
102
RTVSPropertyOp46
 70
     1
102
RTVSPropertyOp47
 70
     1
102
RTVSPropertyOp48
 70
     1
102
RTVSPropertyOp49
 70
     1
102
RTVSPropertyOp50
 70
     1
102
RTVSPropertyOp51
 70
     0
102
RTVSPropertyOp52
 70
     0
102
RTVSPropertyOp53
 70
     1
102
RTVSPropertyOp54
 70
     1
102
RTVSPropertyOp55
 70
     1
102
RTVSPropertyOp56
 70
     1
102
RTVSPropertyOp57
 70
     1
102
RTVSPost2010Prop28
280
     0
102
RTVSPost2010PropOp28
 70
     1
102
RTVSPost2010Prop29
280
     1
102
RTVSPost2010PropOp29
 70
     1
102
RTVSPost2010Prop30
280
     1
102
RTVSPost2010PropOp30
 70
     1
102
RTVSPost2010Prop31
280
     0
102
RTVSPost2010PropOp31
 70
     1
102
RTVSPost2010Prop32
280
     0
102
RTVSPost2010PropOp32
 70
     1
102
RTVSPost2010Prop33
280
     0
102
RTVSPost2010PropOp33
 70
     1
102
RTVSPost2010Prop34
280
     0
102
RTVSPost2010PropOp34
 70
     1
102
RTVSPost2010Prop35
280
     0
102
RTVSPost2010PropOp35
 70
     1
102
RTVSPost2010Prop36
280
     0
102
RTVSPost2010PropOp36
 70
     1
102
RTVSPost2010Prop37
 90
       50
102
RTVSPost2010PropOp37
 70
     1
102
RTVSPost2010Prop38
140
0.0
102
RTVSPost2010PropOp38
 70
     1
102
RTVSPost2010Prop39
140
1.0
102
RTVSPost2010PropOp39
 70
     1
102
RTVSPost2010Prop40
 90
        0
102
RTVSPost2010PropOp40
 70
     1
102
RTVSPost2010Prop41ColorIndex
 90
       18
102
RTVSPost2010Prop41ColorRGB
 90
        0
102
RTVSPost2010PropOp41
 70
     1
102
RTVSPost2010Prop42
 90
       50
102
RTVSPost2010PropOp42
 70
     1
102
RTVSPost2010Prop43
 90
        3
102
RTVSPost2010PropOp43
 70
     1
102
RTVSPost2010Prop44ColorIndex
 90
        5
102
RTVSPost2010Prop44ColorRGB
 90
      255
102
RTVSPost2010PropOp44
 70
     1
102
RTVSPost2010Prop45
280
     0
102
RTVSPost2010PropOp45
 70
     1
102
RTVSPost2010Prop46
 90
       50
102
RTVSPost2010PropOp46
 70
     1
102
RTVSPost2010Prop47
 90
       50
102
RTVSPost2010PropOp47
 70
     1
102
RTVSPost2010Prop48
 90
       50
102
RTVSPost2010PropOp48
 70
     1
102
RTVSPost2010Prop49
280
     0
102
RTVSPost2010PropOp49
 70
     1
102
RTVSPost2010Prop50
 90
       50
102
RTVSPost2010PropOp50
 70
     1
102
RTVSPost2010Prop51ColorIndex
 90
      256
102
RTVSPost2010Prop51ColorRGB
 90
-16777216
102
RTVSPost2010PropOp51
 70
     0
102
RTVSPost2010Prop52
140
1.0
102
RTVSPost2010PropOp52
 70
     0
102
RTVSPost2010Prop53
 90
        2
102
RTVSPost2010PropOp53
 70
     1
102
RTVSPost2010Prop54
  1
strokes_ogs.tif
102
RTVSPost2010PropOp54
 70
     1
102
RTVSPost2010Prop55
280
     0
102
RTVSPost2010PropOp55
 70
     1
102
RTVSPost2010Prop56
140
1.0
102
RTVSPost2010PropOp56
 70
     1
102
RTVSPost2010Prop57
140
1.0
102
RTVSPost2010PropOp57
 70
     1
  0
XRECORD
  5
142
102
{ACAD_REACTORS
330
141
102
}
330
141
100
AcDbXrecord
280
     1
102
RTVSPropertyOp0
 70
     1
102
RTVSPropertyOp1
 70
     1
102
RTVSPropertyOp2
 70
     1
102
RTVSPropertyOp3
 70
     1
102
RTVSPropertyOp4
 70
     1
102
RTVSPropertyOp5
 70
     1
102
RTVSPropertyOp6
 70
     1
102
RTVSPropertyOp7
 70
     1
102
RTVSPropertyOp8
 70
     1
102
RTVSPropertyOp9
 70
     1
102
RTVSPropertyOp10
 70
     1
102
RTVSPropertyOp11
 70
     1
102
RTVSPropertyOp12
 70
     1
102
RTVSPropertyOp13
 70
     1
102
RTVSPropertyOp14
 70
     1
102
RTVSPropertyOp15
 70
     1
102
RTVSPropertyOp16
 70
     1
102
RTVSPropertyOp17
 70
     1
102
RTVSPropertyOp18
 70
     1
102
RTVSPropertyOp19
 70
     1
102
RTVSPropertyOp20
 70
     1
102
RTVSPropertyOp21
 70
     1
102
RTVSPropertyOp22
 70
     1
102
RTVSPropertyOp23
 70
     1
102
RTVSPropertyOp24
 70
     1
102
RTVSPropertyOp25
 70
     1
102
RTVSPropertyOp26
 70
     1
102
RTVSPropertyOp27
 70
     1
102
RTVSPropertyOp28
 70
     1
102
RTVSPropertyOp29
 70
     1
102
RTVSPropertyOp30
 70
     1
102
RTVSPropertyOp31
 70
     1
102
RTVSPropertyOp32
 70
     1
102
RTVSPropertyOp33
 70
     1
102
RTVSPropertyOp34
 70
     1
102
RTVSPropertyOp35
 70
     1
102
RTVSPropertyOp36
 70
     1
102
RTVSPropertyOp37
 70
     1
102
RTVSPropertyOp38
 70
     1
102
RTVSPropertyOp39
 70
     1
102
RTVSPropertyOp40
 70
     1
102
RTVSPropertyOp41
 70
     1
102
RTVSPropertyOp42
 70
     1
102
RTVSPropertyOp43
 70
     1
102
RTVSPropertyOp44
 70
     1
102
RTVSPropertyOp45
 70
     1
102
RTVSPropertyOp46
 70
     1
102
RTVSPropertyOp47
 70
     1
102
RTVSPropertyOp48
 70
     1
102
RTVSPropertyOp49
 70
     1
102
RTVSPropertyOp50
 70
     1
102
RTVSPropertyOp51
 70
     0
102
RTVSPropertyOp52
 70
     0
102
RTVSPropertyOp53
 70
     1
102
RTVSPropertyOp54
 70
     1
102
RTVSPropertyOp55
 70
     1
102
RTVSPropertyOp56
 70
     1
102
RTVSPropertyOp57
 70
     1
102
RTVSPost2010Prop28
280
     0
102
RTVSPost2010PropOp28
 70
     1
102
RTVSPost2010Prop29
280
     1
102
RTVSPost2010PropOp29
 70
     1
102
RTVSPost2010Prop30
280
     1
102
RTVSPost2010PropOp30
 70
     1
102
RTVSPost2010Prop31
280
     0
102
RTVSPost2010PropOp31
 70
     1
102
RTVSPost2010Prop32
280
     0
102
RTVSPost2010PropOp32
 70
     1
102
RTVSPost2010Prop33
280
     0
102
RTVSPost2010PropOp33
 70
     1
102
RTVSPost2010Prop34
280
     0
102
RTVSPost2010PropOp34
 70
     1
102
RTVSPost2010Prop35
280
     0
102
RTVSPost2010PropOp35
 70
     1
102
RTVSPost2010Prop36
280
     0
102
RTVSPost2010PropOp36
 70
     1
102
RTVSPost2010Prop37
 90
       50
102
RTVSPost2010PropOp37
 70
     1
102
RTVSPost2010Prop38
140
0.0
102
RTVSPost2010PropOp38
 70
     1
102
RTVSPost2010Prop39
140
1.0
102
RTVSPost2010PropOp39
 70
     1
102
RTVSPost2010Prop40
 90
        0
102
RTVSPost2010PropOp40
 70
     1
102
RTVSPost2010Prop41ColorIndex
 90
       18
102
RTVSPost2010Prop41ColorRGB
 90
        0
102
RTVSPost2010PropOp41
 70
     1
102
RTVSPost2010Prop42
 90
       50
102
RTVSPost2010PropOp42
 70
     1
102
RTVSPost2010Prop43
 90
        3
102
RTVSPost2010PropOp43
 70
     1
102
RTVSPost2010Prop44ColorIndex
 90
        5
102
RTVSPost2010Prop44ColorRGB
 90
      255
102
RTVSPost2010PropOp44
 70
     1
102
RTVSPost2010Prop45
280
     0
102
RTVSPost2010PropOp45
 70
     1
102
RTVSPost2010Prop46
 90
       50
102
RTVSPost2010PropOp46
 70
     1
102
RTVSPost2010Prop47
 90
       50
102
RTVSPost2010PropOp47
 70
     1
102
RTVSPost2010Prop48
 90
       50
102
RTVSPost2010PropOp48
 70
     1
102
RTVSPost2010Prop49
280
     0
102
RTVSPost2010PropOp49
 70
     1
102
RTVSPost2010Prop50
 90
       50
102
RTVSPost2010PropOp50
 70
     1
102
RTVSPost2010Prop51ColorIndex
 90
      256
102
RTVSPost2010Prop51ColorRGB
 90
-16777216
102
RTVSPost2010PropOp51
 70
     0
102
RTVSPost2010Prop52
140
1.0
102
RTVSPost2010PropOp52
 70
     0
102
RTVSPost2010Prop53
 90
        2
102
RTVSPost2010PropOp53
 70
     1
102
RTVSPost2010Prop54
  1
strokes_ogs.tif
102
RTVSPost2010PropOp54
 70
     1
102
RTVSPost2010Prop55
280
     0
102
RTVSPost2010PropOp55
 70
     1
102
RTVSPost2010Prop56
140
1.0
102
RTVSPost2010PropOp56
 70
     1
102
RTVSPost2010Prop57
140
1.0
102
RTVSPost2010PropOp57
 70
     1
  0
ENDSEC
  0
EOF
